date,platform,campaign_type,audience,region,spend,impressions,clicks,conversions,revenue,ctr,conversion_rate,cpc,roas
2025-01-01,LinkedIn Ads,Social,Retargeting,East,556.96,9819,182,15,1455.65,0.018535492412669316,0.08241758241758242,3.0602197802197804,2.613562912956047
2025-01-01,Meta Ads,Social,Lookalike,South,1159.01,46005,1206,62,8485.7,0.026214541897619823,0.05140961857379768,0.9610364842454394,7.32150714834212
2025-01-01,YouTube Ads,Display,Lookalike,South,145.33,18063,245,12,1327.53,0.013563638376792338,0.04897959183673469,0.5931836734693878,9.134590242895479
2025-01-01,Meta Ads,Display,Existing Customers,North,1604.85,104456,2343,122,13667.95,0.02243049705139006,0.052069995731967564,0.6849551856594109,8.516652646664799
2025-01-02,Google Ads,Search,Lookalike,North,1818.52,40901,1274,107,15027.35,0.03114838268013007,0.08398744113029827,1.4274097331240188,8.263505487979236
2025-01-02,YouTube Ads,Search,Prospecting,East,713.71,68140,1098,36,4515.51,0.016113883181684767,0.03278688524590164,0.6500091074681239,6.326813411609757
2025-01-02,LinkedIn Ads,Social,Retargeting,West,1006.55,30674,491,31,3052.04,0.016007041794353524,0.06313645621181263,2.05,3.0321792260692466
2025-01-03,LinkedIn Ads,Social,Prospecting,North,1006.38,31119,495,24,2231.41,0.015906680805938492,0.048484848484848485,2.0330909090909093,2.2172638565949243
2025-01-03,Google Ads,Search,Prospecting,South,460.94,9813,370,42,5705.58,0.03770508509120554,0.11351351351351352,1.2457837837837837,12.378140321950797
2025-01-03,Meta Ads,Social,Existing Customers,West,998.96,66492,1427,78,9713.06,0.021461228418456355,0.05466012613875263,0.700042046250876,9.72317209898294
2025-01-04,Meta Ads,Display,Lookalike,West,413.84,37105,577,19,1655.22,0.015550464896914163,0.03292894280762565,0.7172270363951473,3.999661705006766
2025-01-04,YouTube Ads,Display,Existing Customers,North,471.25,59258,684,18,1611.65,0.01154274528333727,0.02631578947368421,0.6889619883040936,3.419946949602122
2025-01-04,Meta Ads,Social,Retargeting,East,1456.21,100083,1791,176,16704.39,0.01789514702796679,0.09826912339475154,0.813070910106086,11.471140838203281
2025-01-04,LinkedIn Ads,Social,Retargeting,North,1318.97,28916,444,41,3800.26,0.015354820860423295,0.09234234234234234,2.9706531531531533,2.881233083390828
2025-01-05,Meta Ads,Search,Retargeting,North,442.28,35311,837,83,6488.16,0.023703661748463653,0.0991636798088411,0.528410991636798,14.669801935425523
2025-01-05,Google Ads,Social,Prospecting,North,434.53,9971,363,15,1428.13,0.0364055761708956,0.04132231404958678,1.197052341597796,3.286608519549859
2025-01-05,Meta Ads,Social,Prospecting,East,460.1,21463,572,20,1969.13,0.026650514839491216,0.03496503496503497,0.8043706293706294,4.279787002825473
2025-01-06,Google Ads,Social,Retargeting,North,1126.98,31213,1251,152,16214.1,0.04007945407362317,0.12150279776179057,0.900863309352518,14.387211840494064
2025-01-06,LinkedIn Ads,Display,Prospecting,South,365.44,7741,169,12,1745.67,0.0218318046763984,0.07100591715976332,2.1623668639053255,4.776899080560421
2025-01-06,Meta Ads,Search,Existing Customers,North,882.66,57117,1402,71,8449.89,0.024546107113468843,0.05064194008559201,0.6295720399429386,9.573210522738087
2025-01-07,LinkedIn Ads,Search,Prospecting,South,1137.43,25251,472,20,2239.67,0.01869232901667261,0.0423728813559322,2.4098093220338983,1.969061832376498
2025-01-07,Meta Ads,Search,Prospecting,East,660.98,26404,708,60,7450.0,0.026814119072867747,0.0847457627118644,0.9335875706214689,11.271142848497686
2025-01-07,YouTube Ads,Video,Lookalike,South,1349.68,95143,1684,50,5536.41,0.017699673123613927,0.029691211401425176,0.8014726840855108,4.102016774346511
2025-01-07,YouTube Ads,Social,Prospecting,South,574.37,70278,1128,38,4643.7,0.0160505421326731,0.03368794326241135,0.5091932624113475,8.084858192454341
2025-01-08,LinkedIn Ads,Search,Existing Customers,East,609.16,10297,233,18,2333.79,0.022627949888316984,0.07725321888412018,2.614420600858369,3.831160942937816
2025-01-08,Google Ads,Video,Lookalike,East,370.88,12857,295,15,1758.1,0.022944699385548727,0.05084745762711865,1.2572203389830507,4.740347282139775
2025-01-08,Meta Ads,Social,Prospecting,North,1355.93,84773,1770,88,14502.08,0.020879289396388,0.04971751412429379,0.7660621468926554,10.695301379864741
2025-01-09,Google Ads,Social,Lookalike,West,425.32,10475,347,23,3022.21,0.03312649164677804,0.06628242074927954,1.2257060518731988,7.105732154612998
2025-01-09,Google Ads,Video,Retargeting,West,878.69,16903,728,52,4967.51,0.04306927764302195,0.07142857142857142,1.2069917582417584,5.6533134552572575
2025-01-09,Meta Ads,Search,Lookalike,East,668.29,24288,709,37,4501.57,0.02919137022397892,0.05218617771509168,0.9425811001410437,6.735952954555657
2025-01-10,LinkedIn Ads,Search,Lookalike,East,353.11,8872,123,4,402.99,0.013863841298467088,0.032520325203252036,2.8708130081300816,1.141259097731585
2025-01-10,YouTube Ads,Social,Lookalike,East,471.14,49747,962,23,2829.75,0.019337849518563932,0.02390852390852391,0.48975051975051975,6.006176508044319
2025-01-10,Google Ads,Search,Retargeting,South,1719.77,46461,1317,230,20756.72,0.02834635500742558,0.17463933181473046,1.3058238420653,12.06947440646133
2025-01-11,Meta Ads,Display,Prospecting,South,798.04,53643,961,45,4277.7,0.017914732583934532,0.046826222684703434,0.8304266389177939,5.360257631196431
2025-01-11,Meta Ads,Search,Lookalike,South,363.27,22758,480,27,3272.14,0.021091484313208543,0.05625,0.7568125,9.007460015966085
2025-01-11,Google Ads,Search,Existing Customers,North,853.67,18728,619,78,11200.39,0.03305211448099103,0.1260096930533118,1.3791114701130855,13.12028067051671
2025-01-11,Google Ads,Search,Retargeting,West,636.58,20311,537,71,8807.38,0.02643887548618975,0.13221601489757914,1.185437616387337,13.835464513493982
2025-01-12,Meta Ads,Social,Lookalike,South,6609.15,359481,8890,625,81483.82,0.024730097000954153,0.0703037120359955,0.7434364454443194,12.328940937942097
2025-01-12,Google Ads,Search,Retargeting,South,842.53,18178,719,49,5964.71,0.0395533061943008,0.06815020862308763,1.171808066759388,7.079522390894093
2025-01-12,Meta Ads,Search,Lookalike,West,546.58,39404,1048,69,8149.24,0.026596284641153184,0.06583969465648855,0.5215458015267176,14.90951004427531
2025-01-13,Meta Ads,Video,Existing Customers,East,1761.81,121826,2479,76,8695.02,0.020348694039039286,0.03065752319483663,0.7106938281565147,4.935276789211096
2025-01-13,LinkedIn Ads,Social,Prospecting,East,211.54,5483,98,2,259.27,0.01787342695604596,0.02040816326530612,2.1585714285714284,1.2256310863193722
2025-01-13,LinkedIn Ads,Social,Prospecting,North,744.26,20948,375,26,3469.64,0.017901470307427916,0.06933333333333333,1.9846933333333332,4.661865477118211
2025-01-14,Google Ads,Search,Retargeting,South,2559.22,37300,1769,281,31995.76,0.04742627345844504,0.15884680610514415,1.4467043527416619,12.50215299974211
2025-01-14,LinkedIn Ads,Social,Retargeting,East,649.08,23040,249,6,677.37,0.010807291666666666,0.024096385542168676,2.6067469879518073,1.043584766130523
2025-01-14,LinkedIn Ads,Search,Retargeting,South,226.88,6270,95,8,1149.16,0.015151515151515152,0.08421052631578947,2.3882105263157896,5.065056417489422
2025-01-14,Meta Ads,Social,Prospecting,North,541.17,37372,823,35,4012.13,0.022021834528524027,0.0425273390036452,0.657557715674362,7.413807121606889
2025-01-15,Google Ads,Search,Retargeting,West,1801.76,51897,1494,211,24552.45,0.028787791201803574,0.14123159303882196,1.2059973226238287,13.626925894680758
2025-01-15,Meta Ads,Video,Retargeting,South,893.84,50427,1059,33,4082.63,0.021000654411327264,0.031161473087818695,0.8440415486307837,4.567517676541663
2025-01-15,Google Ads,Video,Retargeting,East,405.79,11779,403,42,4756.06,0.03421343068172171,0.10421836228287841,1.006923076923077,11.720495822962617
2025-01-16,Google Ads,Search,Lookalike,South,448.39,12543,390,42,4209.82,0.031093039942597465,0.1076923076923077,1.1497179487179487,9.388746403800262
2025-01-16,Google Ads,Search,Lookalike,East,486.52,10393,368,28,3410.49,0.03540844799384201,0.07608695652173914,1.3220652173913043,7.009968757707802
2025-01-16,LinkedIn Ads,Search,Retargeting,West,885.24,24957,503,49,5600.82,0.02015466602556397,0.09741550695825049,1.759920477137177,6.326894401518232
2025-01-17,Meta Ads,Social,Lookalike,West,1670.55,111079,2342,132,19557.19,0.021084093302964558,0.05636208368915457,0.7133005977796755,11.707036604711023
2025-01-17,LinkedIn Ads,Search,Retargeting,North,1387.36,37312,619,40,5167.68,0.01658983704974271,0.06462035541195477,2.2412924071082387,3.724829892745935
2025-01-17,LinkedIn Ads,Video,Retargeting,East,941.51,22953,401,11,1147.09,0.01747048316124254,0.02743142144638404,2.3479052369077307,1.2183513717326422
2025-01-18,Meta Ads,Display,Retargeting,West,294.57,20163,443,27,3459.32,0.021970936864553887,0.060948081264108354,0.6649435665914221,11.743626302746376
2025-01-18,Meta Ads,Display,Prospecting,East,295.28,24933,401,11,1325.96,0.016083102715276944,0.02743142144638404,0.7363591022443889,4.4905174749390415
2025-01-18,Google Ads,Social,Prospecting,North,989.99,16644,633,44,6097.07,0.038031723143475124,0.06951026856240126,1.5639652448657189,6.15871877493712
2025-01-18,Google Ads,Video,Retargeting,North,291.93,8274,267,25,2639.0,0.032269760696156634,0.09363295880149813,1.093370786516854,9.039838317404858
2025-01-19,Meta Ads,Search,Existing Customers,North,604.54,29013,801,89,11380.24,0.02760831351463137,0.1111111111111111,0.7547315855181024,18.824626989115693
2025-01-19,Meta Ads,Social,Lookalike,North,853.02,35186,861,34,3849.35,0.024469959643039847,0.03948896631823461,0.9907317073170732,4.512614006705587
2025-01-19,Meta Ads,Social,Prospecting,West,334.17,18669,507,28,3249.47,0.02715731962076169,0.055226824457593686,0.659112426035503,9.724002753089744
2025-01-20,LinkedIn Ads,Video,Retargeting,West,359.71,7464,112,5,495.33,0.015005359056806002,0.044642857142857144,3.2116964285714285,1.377025937560813
2025-01-20,Meta Ads,Social,Prospecting,East,658.46,44418,914,49,6142.95,0.020577243459858615,0.053610503282275714,0.7204157549234136,9.329268292682926
2025-01-20,Meta Ads,Display,Lookalike,East,971.12,57642,1014,49,6003.64,0.017591339648173207,0.048323471400394474,0.9577120315581854,6.182181398797265
2025-01-21,Meta Ads,Search,Lookalike,West,1395.58,88712,1719,144,19891.3,0.01937731084858869,0.08376963350785341,0.8118557300756253,14.253070408002408
2025-01-21,Google Ads,Video,Retargeting,South,1038.64,19613,860,78,8955.92,0.043848467852954674,0.09069767441860466,1.2077209302325582,8.62273742586459
2025-01-21,Google Ads,Social,Retargeting,South,734.33,14100,645,45,4841.41,0.045744680851063826,0.06976744186046512,1.1384961240310079,6.592962292157476
2025-01-21,Meta Ads,Social,Prospecting,East,430.98,36943,661,36,4651.46,0.017892428876918495,0.05446293494704992,0.6520121028744327,10.792751403777437
2025-01-22,Google Ads,Video,Retargeting,South,348.97,9308,300,18,1812.68,0.03223033949290933,0.06,1.1632333333333333,5.194372009055219
2025-01-22,Meta Ads,Social,Existing Customers,North,502.21,27834,604,33,4794.64,0.021700079040022992,0.054635761589403975,0.8314735099337748,9.547081898010793
2025-01-22,YouTube Ads,Social,Lookalike,East,913.73,94735,1579,119,16004.45,0.01666754631340054,0.07536415452818239,0.5786763774540848,17.515513335449203
2025-01-23,Google Ads,Social,Retargeting,West,871.21,31258,797,83,11423.37,0.02549747264700237,0.10414052697616061,1.093111668757842,13.11207401200629
2025-01-23,Google Ads,Search,Prospecting,North,178.78,6177,162,14,1704.91,0.026226323457989316,0.08641975308641975,1.1035802469135803,9.536357534399821
2025-01-23,Google Ads,Social,Prospecting,North,420.06,8162,312,19,2018.62,0.03822592501837785,0.060897435897435896,1.3463461538461539,4.8055515878684
2025-01-24,Google Ads,Search,Prospecting,South,1531.51,44433,1095,115,13451.02,0.024643845790291,0.1050228310502283,1.3986392694063927,8.782848300043748
2025-01-24,Meta Ads,Search,Prospecting,West,736.99,56108,1139,75,9138.09,0.020300135453054823,0.06584723441615452,0.6470500438981562,12.399204873878885
2025-01-24,Meta Ads,Video,Prospecting,East,278.67,19028,431,15,1573.76,0.022650830355265925,0.03480278422273782,0.6465661252900232,5.647396562242078
2025-01-24,LinkedIn Ads,Social,Existing Customers,East,3236.88,65418,1269,79,11859.15,0.019398330734660185,0.062253743104806934,2.5507328605200947,3.6637595462297026
2025-01-25,Meta Ads,Social,Retargeting,East,686.95,34832,747,47,5895.75,0.021445796968305005,0.06291834002677377,0.919611780455154,8.582502365528786
2025-01-25,Meta Ads,Social,Prospecting,South,898.65,50441,1039,96,9498.24,0.02059832279296604,0.09239653512993262,0.8649181905678537,10.569454181271908
2025-01-25,LinkedIn Ads,Social,Prospecting,East,907.57,22047,462,24,3573.4,0.020955232004354334,0.05194805194805195,1.9644372294372296,3.9373271483191377
2025-01-26,Google Ads,Social,Prospecting,North,551.23,13571,500,44,5137.13,0.036843268734802155,0.088,1.10246,9.319394807974893
2025-01-26,Google Ads,Video,Lookalike,North,436.22,14124,440,30,2859.18,0.03115264797507788,0.06818181818181818,0.991409090909091,6.554445004814084
2025-01-26,Google Ads,Video,Prospecting,West,2779.9,71598,2523,139,13907.7,0.035238414480851424,0.0550931430836306,1.1018232263178755,5.002949746393755
2025-01-27,LinkedIn Ads,Social,Lookalike,East,1343.68,22452,433,19,2693.82,0.019285587030108676,0.04387990762124711,3.103187066974596,2.0048076923076925
2025-01-27,Meta Ads,Social,Lookalike,North,1194.33,69494,2083,81,11975.83,0.029973810688692547,0.03888622179548728,0.5733701392222755,10.027237028292014
2025-01-27,Google Ads,Social,Prospecting,South,1018.07,28446,1147,83,11053.17,0.04032201363987907,0.07236268526591107,0.8875937227550131,10.856984293810838
2025-01-28,Meta Ads,Social,Retargeting,North,364.64,21113,578,42,5827.4,0.027376497892293846,0.0726643598615917,0.6308650519031141,15.981241772707328
2025-01-28,Google Ads,Social,Existing Customers,East,1605.96,42542,1334,170,25134.67,0.031357246955949415,0.12743628185907047,1.2038680659670165,15.650869261999052
2025-01-28,Meta Ads,Display,Retargeting,West,404.66,25426,509,21,2625.51,0.020018878313537325,0.0412573673870334,0.7950098231827113,6.488187614293481
2025-01-28,Meta Ads,Social,Prospecting,South,841.53,51690,1090,60,7255.37,0.021087250918939832,0.05504587155963303,0.772045871559633,8.621641533872827
2025-01-29,Meta Ads,Social,Existing Customers,South,241.16,12967,278,14,1885.73,0.021439037556875144,0.050359712230215826,0.8674820143884892,7.819414496599768
2025-01-29,Google Ads,Social,Existing Customers,North,185.77,7331,214,34,4709.28,0.029191106261083073,0.1588785046728972,0.8680841121495327,25.350056521505085
2025-01-29,Meta Ads,Social,Retargeting,South,860.89,35794,989,58,5895.77,0.027630329105436665,0.05864509605662285,0.8704651162790698,6.848459152737284
2025-01-30,Meta Ads,Search,Retargeting,South,413.71,23419,604,69,8844.09,0.025791024381912123,0.11423841059602649,0.6849503311258278,21.3775108167557
2025-01-30,Google Ads,Search,Prospecting,North,192.12,4498,149,18,2542.59,0.03312583370386839,0.12080536912751678,1.2893959731543625,13.234384759525296
2025-01-30,Google Ads,Display,Lookalike,South,994.74,27211,1069,79,8791.54,0.039285583036272095,0.07390084190832553,0.9305332086061741,8.838028027424253
2025-01-31,YouTube Ads,Social,Retargeting,West,2777.02,306390,4784,194,21216.14,0.015614086621626033,0.040551839464882944,0.5804807692307692,7.639894563236851
2025-01-31,YouTube Ads,Search,Prospecting,West,1727.26,167964,2868,71,8774.03,0.017075087518754018,0.024755927475592746,0.6022524407252441,5.079739008603221
2025-01-31,Meta Ads,Social,Lookalike,South,592.19,39602,684,48,4958.7,0.017271854956820362,0.07017543859649122,0.8657748538011697,8.373494993160978
2025-01-31,Google Ads,Display,Existing Customers,West,704.04,23142,789,52,5127.25,0.03409385532797511,0.06590621039290241,0.892319391634981,7.282611783421397
2025-02-01,YouTube Ads,Search,Lookalike,North,1246.49,144098,2139,102,13837.21,0.01484406445613402,0.047685834502103785,0.5827442730247779,11.10093943794174
2025-02-01,LinkedIn Ads,Display,Prospecting,West,1451.66,35753,720,26,2778.95,0.02013817022347775,0.03611111111111111,2.0161944444444444,1.9143256685449759
2025-02-01,LinkedIn Ads,Video,Prospecting,South,559.91,13375,215,6,691.99,0.016074766355140185,0.027906976744186046,2.6042325581395347,1.2358950545623404
2025-02-02,Meta Ads,Social,Existing Customers,East,715.72,62589,878,69,7751.4,0.014028024093690585,0.0785876993166287,0.8151708428246014,10.830212932431676
2025-02-02,Google Ads,Display,Existing Customers,North,851.06,20897,602,25,3725.5,0.028807962865483084,0.04152823920265781,1.413720930232558,4.377482198669894
2025-02-02,Google Ads,Search,Retargeting,West,1003.35,27443,950,94,12253.57,0.03461720657362533,0.09894736842105263,1.0561578947368422,12.212657597049882
2025-02-03,YouTube Ads,Video,Retargeting,South,642.0,62873,954,42,4648.0,0.015173444880950487,0.0440251572327044,0.6729559748427673,7.2398753894081
2025-02-03,Meta Ads,Social,Retargeting,West,647.44,24271,723,53,4969.38,0.02978863664455523,0.07330567081604426,0.8954910096818811,7.675429383417768
2025-02-03,Google Ads,Video,Retargeting,North,1716.38,49935,1941,98,10658.02,0.03887053169119856,0.05048943843379701,0.8842761463163319,6.20959228142952
2025-02-04,Google Ads,Social,Prospecting,East,1536.51,34096,1211,102,12776.8,0.03551736274049742,0.08422791081750619,1.2687943848059455,8.31546817137539
2025-02-04,Meta Ads,Search,Prospecting,North,954.7,51984,1137,56,6630.14,0.021872114496768236,0.04925241864555849,0.8396657871591909,6.944736566460668
2025-02-04,Google Ads,Search,Prospecting,West,2139.87,45414,1939,213,24913.28,0.0426960849077377,0.10985043837029397,1.103594636410521,11.642426876399034
2025-02-04,YouTube Ads,Display,Lookalike,South,544.51,84443,1139,45,5346.48,0.013488388617173715,0.03950834064969271,0.4780597014925373,9.818883032451193
2025-02-05,LinkedIn Ads,Social,Prospecting,East,2010.25,41023,720,26,3345.12,0.01755112985398435,0.03611111111111111,2.792013888888889,1.6640318368362144
2025-02-05,LinkedIn Ads,Search,Prospecting,West,995.97,33997,503,29,3313.15,0.014795423125569904,0.05765407554671968,1.9800596421471173,3.3265560207636775
2025-02-05,Meta Ads,Display,Retargeting,East,5867.87,295265,8386,591,72752.24,0.028401605337578108,0.070474600524684,0.6997221559742428,12.398406917672002
2025-02-06,Meta Ads,Video,Prospecting,North,322.46,19102,451,28,2722.59,0.023610093183959794,0.06208425720620843,0.7149889135254989,8.443186751845191
2025-02-06,Meta Ads,Social,Prospecting,North,447.2,28602,554,20,3219.39,0.019369274875882806,0.036101083032490974,0.8072202166064981,7.19899373881932
2025-02-06,Meta Ads,Social,Retargeting,North,919.01,65471,1411,130,14285.77,0.02155152663011104,0.09213323883770376,0.651318214032601,15.544738359756696
2025-02-07,Google Ads,Search,Prospecting,West,906.22,22913,879,76,9018.52,0.038362501636625496,0.08646188850967008,1.030967007963595,9.951799783716979
2025-02-07,Meta Ads,Display,Retargeting,West,2486.6,161632,3399,224,28043.99,0.02102925163333993,0.06590173580464842,0.7315681082671374,11.278046328319796
2025-02-07,Google Ads,Social,Existing Customers,South,453.34,10569,336,36,4183.71,0.031791087141640646,0.10714285714285714,1.3492261904761904,9.228636343583183
2025-02-07,Meta Ads,Video,Prospecting,West,1260.52,62079,1214,37,4260.21,0.01955572737962918,0.030477759472817133,1.03831960461285,3.3797242407895154
2025-02-08,Google Ads,Social,Existing Customers,North,1490.22,44326,1649,273,33883.65,0.03720164237693453,0.16555488174651303,0.9037113402061856,22.737347505737407
2025-02-08,Google Ads,Social,Existing Customers,East,1106.66,27883,915,162,17241.84,0.03281569415055769,0.17704918032786884,1.2094644808743171,15.58006975945638
2025-02-08,Google Ads,Search,Lookalike,South,374.82,12029,388,37,4547.1,0.03225538282483997,0.09536082474226804,0.9660309278350515,12.131423083079879
2025-02-09,Meta Ads,Search,Retargeting,North,1747.82,119209,2062,232,19792.85,0.017297351710021894,0.11251212415130941,0.8476333656644035,11.324306850819879
2025-02-09,Google Ads,Display,Retargeting,South,1556.42,44319,1573,183,26818.42,0.03549267808389178,0.11633820724729815,0.9894596312778131,17.230837434625613
2025-02-09,YouTube Ads,Social,Retargeting,South,1033.61,136721,1985,80,10341.88,0.014518618207883208,0.04030226700251889,0.5207103274559194,10.005592051160496
2025-02-10,Meta Ads,Social,Lookalike,South,799.44,58760,1220,49,6198.71,0.020762423417290673,0.04016393442622951,0.6552786885245903,7.753815170619433
2025-02-10,Google Ads,Video,Prospecting,North,810.82,19683,714,39,3265.88,0.03627495808565767,0.0546218487394958,1.1356022408963586,4.027873017439136
2025-02-10,Meta Ads,Video,Existing Customers,South,665.08,34842,877,51,5548.46,0.02517077090867344,0.05815279361459521,0.7583580387685291,8.342545257713358
2025-02-10,Google Ads,Video,Retargeting,North,1061.66,21505,854,71,9940.58,0.03971169495466171,0.08313817330210772,1.243161592505855,9.363242469340467
2025-02-11,YouTube Ads,Search,Lookalike,West,714.31,74415,1233,47,8916.95,0.016569240072566015,0.038118410381184104,0.5793268450932684,12.483305567610703
2025-02-11,Meta Ads,Social,Prospecting,South,403.24,32895,693,22,3003.1,0.02106703146374829,0.031746031746031744,0.5818759018759019,7.447425850610058
2025-02-11,LinkedIn Ads,Video,Prospecting,North,354.07,8060,131,5,668.32,0.016253101736972704,0.03816793893129771,2.702824427480916,1.8875363628661002
2025-02-12,Google Ads,Social,Retargeting,East,429.34,12998,377,36,4480.18,0.029004462224957686,0.09549071618037135,1.1388328912466843,10.435039828574093
2025-02-12,Meta Ads,Search,Retargeting,West,808.73,47188,933,117,11670.17,0.019771975926082902,0.12540192926045016,0.8668060021436227,14.430242478948475
2025-02-12,Meta Ads,Display,Retargeting,South,687.84,48465,1070,78,10367.22,0.022077788094501186,0.07289719626168224,0.6428411214953271,15.072138869504535
2025-02-13,YouTube Ads,Social,Prospecting,West,805.17,137784,1794,72,6852.84,0.013020379724786622,0.04013377926421405,0.4488127090301003,8.511047356458885
2025-02-13,Meta Ads,Social,Prospecting,East,969.33,60490,1354,73,6804.29,0.022383865101669696,0.05391432791728213,0.7159010339734121,7.019580535008717
2025-02-13,Meta Ads,Video,Retargeting,East,465.6,28447,526,23,2117.76,0.018490526241782965,0.043726235741444866,0.885171102661597,4.5484536082474225
2025-02-14,Google Ads,Social,Prospecting,South,1814.85,59256,1538,126,16702.94,0.025955177534764413,0.08192457737321196,1.1800065019505852,9.203482381464033
2025-02-14,Google Ads,Social,Existing Customers,North,588.2,13017,528,75,9231.29,0.04056234155335331,0.14204545454545456,1.1140151515151515,15.694134648078885
2025-02-14,Meta Ads,Social,Prospecting,South,528.14,41734,843,56,6541.66,0.02019935783773422,0.066429418742586,0.6265005931198102,12.386223349869352
2025-02-14,Meta Ads,Social,Prospecting,West,957.79,53057,1004,83,9521.99,0.018923045027046385,0.08266932270916334,0.9539741035856574,9.94162603493459
2025-02-15,Google Ads,Search,Prospecting,West,212.16,7584,218,13,1231.58,0.028744725738396624,0.05963302752293578,0.9732110091743119,5.804958521870287
2025-02-15,LinkedIn Ads,Display,Retargeting,West,418.73,10091,196,7,720.49,0.01942324843920325,0.03571428571428571,2.1363775510204084,1.7206553148807107
2025-02-15,YouTube Ads,Display,Retargeting,West,1324.48,108526,2085,69,7164.43,0.01921198606785471,0.033093525179856115,0.635242206235012,5.409239852621407
2025-02-16,Google Ads,Search,Retargeting,South,226.28,8141,265,35,3139.68,0.03255128362609016,0.1320754716981132,0.8538867924528302,13.875198868658298
2025-02-16,Meta Ads,Social,Existing Customers,South,1447.37,77448,1639,108,12355.0,0.021162586509658094,0.06589383770591824,0.8830811470408785,8.53617250599363
2025-02-16,Google Ads,Video,Prospecting,West,1869.3,34655,1471,79,7547.38,0.04244697734814601,0.053704962610469066,1.2707681849082257,4.0375434654683575
2025-02-17,Meta Ads,Search,Lookalike,East,550.56,41683,662,55,6896.9,0.01588177434445697,0.08308157099697885,0.8316616314199395,12.527063353676258
2025-02-17,Google Ads,Social,Prospecting,South,846.2,13496,673,37,4695.21,0.04986662714878483,0.0549777117384844,1.2573551263001486,5.548581895532971
2025-02-17,Meta Ads,Social,Prospecting,South,1448.79,60455,2065,75,6878.59,0.034157637912496895,0.03631961259079903,0.7015932203389831,4.747817143961513
2025-02-17,LinkedIn Ads,Display,Retargeting,West,516.81,23058,255,8,877.29,0.011059068436117616,0.03137254901960784,2.026705882352941,1.697509723109073
2025-02-18,LinkedIn Ads,Search,Prospecting,North,1230.45,29627,524,19,2819.77,0.017686569683059372,0.03625954198473282,2.3481870229007633,2.2916575236702017
2025-02-18,Google Ads,Display,Retargeting,North,452.52,14959,460,33,3212.43,0.030750718630924528,0.07173913043478261,0.9837391304347826,7.098979050649695
2025-02-18,YouTube Ads,Social,Lookalike,East,513.19,57265,819,23,2821.63,0.014301929625425652,0.028083028083028084,0.6266056166056166,5.498217034626551
2025-02-19,Google Ads,Social,Lookalike,North,416.34,9796,318,17,1987.29,0.03246222948142099,0.05345911949685535,1.309245283018868,4.7732382187635105
2025-02-19,Google Ads,Search,Retargeting,North,874.63,14812,600,65,8753.68,0.040507696462327845,0.10833333333333334,1.4577166666666665,10.008437853721002
2025-02-19,Meta Ads,Social,Retargeting,West,1485.88,90219,1945,219,26349.73,0.021558651725246344,0.11259640102827763,0.763948586118252,17.733417234231563
2025-02-20,Meta Ads,Social,Prospecting,South,621.05,39844,744,45,4825.65,0.018672824013653246,0.06048387096774194,0.834744623655914,7.770147331132759
2025-02-20,LinkedIn Ads,Search,Prospecting,East,306.36,7679,134,9,1045.82,0.01745018882667014,0.06716417910447761,2.286268656716418,3.4136963050006526
2025-02-20,LinkedIn Ads,Search,Prospecting,South,346.31,7900,156,12,1397.58,0.019746835443037975,0.07692307692307693,2.2199358974358976,4.0356328145303335
2025-02-21,Google Ads,Search,Lookalike,North,904.67,25775,729,68,7707.77,0.02828322017458778,0.09327846364883402,1.2409739368998627,8.51997966109189
2025-02-21,YouTube Ads,Social,Existing Customers,North,2321.01,381684,4257,157,15473.37,0.011153205269280347,0.03688043222926944,0.5452219873150106,6.666653741259193
2025-02-21,Google Ads,Search,Prospecting,West,904.16,15030,753,77,10577.92,0.050099800399201595,0.10225763612217796,1.2007436918990704,11.699168288798443
2025-02-21,Meta Ads,Video,Retargeting,North,544.35,45720,896,58,7783.36,0.019597550306211724,0.06473214285714286,0.6075334821428572,14.298447689905391
2025-02-22,Google Ads,Social,Lookalike,East,1151.82,33767,1153,94,9043.23,0.03414576361536411,0.08152645273200347,0.9989765828274068,7.8512527999166535
2025-02-22,YouTube Ads,Display,Lookalike,South,599.09,66817,933,26,2849.26,0.013963512279809031,0.027867095391211148,0.6421114683815649,4.75597990285266
2025-02-22,Google Ads,Video,Retargeting,South,547.41,10691,413,29,3217.51,0.03863062388925264,0.07021791767554479,1.3254479418886198,5.877696790339965
2025-02-23,Google Ads,Search,Retargeting,West,375.43,7933,382,58,5462.59,0.04815328375141813,0.1518324607329843,0.9828010471204188,14.550222411634659
2025-02-23,Meta Ads,Display,Lookalike,East,1748.6,89350,2182,86,7000.2,0.024420817011751538,0.03941338221814849,0.8013748854262145,4.003316939265698
2025-02-23,YouTube Ads,Video,Existing Customers,East,134.37,22080,252,7,778.15,0.01141304347826087,0.027777777777777776,0.5332142857142858,5.791099203691299
2025-02-24,YouTube Ads,Social,Prospecting,South,1175.78,172938,2022,68,7383.76,0.011692051486659959,0.033630069238377844,0.5814935707220573,6.279882290904761
2025-02-24,LinkedIn Ads,Social,Existing Customers,South,517.83,10267,172,14,1346.55,0.01675270283432356,0.08139534883720931,3.010639534883721,2.6003707780545735
2025-02-24,YouTube Ads,Social,Prospecting,East,536.12,56811,812,19,2245.53,0.014293006636038795,0.023399014778325122,0.6602463054187192,4.18848392151011
2025-02-24,YouTube Ads,Search,Lookalike,North,2102.93,290123,3192,91,12369.76,0.011002230088617585,0.02850877192982456,0.6588126566416039,5.882154898165893
2025-02-25,Meta Ads,Social,Prospecting,North,440.05,17650,450,16,2082.53,0.025495750708215296,0.035555555555555556,0.9778888888888889,4.732484944892626
2025-02-25,Google Ads,Video,Prospecting,East,449.9,15217,438,25,2817.99,0.02878359729250181,0.05707762557077625,1.0271689497716894,6.26359190931318
2025-02-25,LinkedIn Ads,Video,Prospecting,East,643.12,13333,314,10,818.73,0.02355058876471912,0.03184713375796178,2.048152866242038,1.2730594601318572
2025-02-26,Meta Ads,Search,Retargeting,North,916.06,46771,1428,157,20077.57,0.030531739753265914,0.10994397759103641,0.6414985994397758,21.917308909896732
2025-02-26,Meta Ads,Display,Prospecting,West,525.25,36124,760,28,3293.78,0.021038644668364522,0.03684210526315789,0.6911184210526315,6.270880533079486
2025-02-26,Google Ads,Social,Prospecting,East,251.66,8422,319,23,2820.68,0.03787698883875564,0.07210031347962383,0.7889028213166144,11.208296908527378
2025-02-27,LinkedIn Ads,Video,Retargeting,North,398.77,11928,172,3,449.55,0.014419852448021462,0.01744186046511628,2.3184302325581396,1.1273415753441833
2025-02-27,Google Ads,Search,Retargeting,West,1609.93,38996,1527,196,19630.06,0.03915786234485588,0.12835625409299278,1.054309102815979,12.193113986322388
2025-02-27,YouTube Ads,Video,Lookalike,West,734.86,81526,1118,38,2403.63,0.01371341657876015,0.03398926654740608,0.6572987477638641,3.270867920420216
2025-02-27,Google Ads,Display,Existing Customers,South,938.5,26790,771,54,5600.93,0.02877939529675252,0.07003891050583658,1.2172503242542152,5.967959509856153
2025-02-28,Google Ads,Search,Lookalike,South,590.61,17006,565,41,5073.7,0.033223568152416796,0.07256637168141593,1.0453274336283187,8.590609708606356
2025-02-28,LinkedIn Ads,Search,Prospecting,South,455.96,10452,173,7,808.39,0.01655185610409491,0.04046242774566474,2.6356069364161847,1.7729406088253357
2025-02-28,Google Ads,Display,Prospecting,East,2082.87,48864,1613,99,9218.74,0.03300998690242305,0.06137631742095474,1.2913019218846868,4.4259795378492175
2025-03-01,Google Ads,Search,Existing Customers,North,619.4,14666,609,97,9370.27,0.04152461475521615,0.1592775041050903,1.0170771756978654,15.127978689053924
2025-03-01,Meta Ads,Social,Prospecting,South,524.73,41309,789,33,3584.36,0.01909995400518047,0.04182509505703422,0.6650570342205323,6.830865397442494
2025-03-01,YouTube Ads,Video,Retargeting,North,1427.35,171378,3513,121,11201.01,0.02049854707138606,0.03444349558781668,0.4063051522914887,7.847416541142677
2025-03-02,Google Ads,Social,Existing Customers,North,437.71,16429,453,56,7521.98,0.027573193742771927,0.12362030905077263,0.9662472406181015,17.184848415617648
2025-03-02,Google Ads,Social,Existing Customers,South,475.57,9955,466,45,5229.08,0.04681064791562029,0.09656652360515021,1.0205364806866952,10.995394999684589
2025-03-02,LinkedIn Ads,Social,Retargeting,East,704.68,19346,290,14,1451.97,0.014990178848340743,0.04827586206896552,2.4299310344827583,2.060467162399955
2025-03-03,YouTube Ads,Search,Lookalike,West,700.12,93617,1404,72,7297.27,0.014997276135744576,0.05128205128205128,0.49866096866096865,10.422884648345999
2025-03-03,Meta Ads,Video,Retargeting,North,828.67,62010,1249,72,8621.01,0.020141912594742784,0.057646116893514815,0.663466773418735,10.403429591996815
2025-03-03,Google Ads,Social,Lookalike,North,2726.2,87659,2884,189,21879.96,0.032900215608209084,0.06553398058252427,0.9452843273231623,8.025808818135133
2025-03-03,Google Ads,Search,Prospecting,South,871.0,18229,737,53,6287.67,0.04043008393219595,0.07191316146540028,1.1818181818181819,7.218909299655569
2025-03-04,Google Ads,Search,Prospecting,East,149.21,2639,121,6,709.45,0.045850701023114816,0.049586776859504134,1.2331404958677687,4.754708129481938
2025-03-04,Google Ads,Video,Retargeting,West,865.39,16281,706,65,7390.53,0.04336342976475646,0.09206798866855524,1.2257648725212464,8.540114861507528
2025-03-04,Meta Ads,Search,Prospecting,East,717.45,48597,994,58,5591.41,0.020453937485853037,0.05835010060362173,0.7217806841046278,7.793449020837689
2025-03-05,Google Ads,Video,Lookalike,East,720.05,22139,801,54,5500.07,0.036180495957360316,0.06741573033707865,0.8989388264669163,7.638455662801195
2025-03-05,Meta Ads,Display,Prospecting,North,821.35,65930,1260,35,3776.35,0.019111178522675566,0.027777777777777776,0.6518650793650794,4.5977354355634015
2025-03-05,Meta Ads,Display,Existing Customers,North,687.07,55369,1019,48,7888.67,0.018403799960266577,0.047105004906771344,0.6742590775269873,11.481610316270539
2025-03-06,Meta Ads,Video,Lookalike,North,676.47,55983,1002,47,4263.88,0.01789829055248915,0.046906187624750496,0.675119760479042,6.303132437506467
2025-03-06,Google Ads,Display,Retargeting,East,1042.69,27698,896,76,8166.84,0.03234890605819915,0.08482142857142858,1.163716517857143,7.832471779723599
2025-03-06,LinkedIn Ads,Video,Lookalike,South,492.12,8658,163,9,1050.92,0.018826518826518826,0.05521472392638037,3.0191411042944787,2.135495407624157
2025-03-06,LinkedIn Ads,Search,Prospecting,North,378.07,10816,138,8,876.32,0.01275887573964497,0.057971014492753624,2.73963768115942,2.3178776417065623
2025-03-07,LinkedIn Ads,Display,Retargeting,East,4996.73,136579,2438,217,29149.93,0.01785047481677271,0.08900738310090238,2.049520098441345,5.83380130605416
2025-03-07,Google Ads,Social,Prospecting,West,439.56,7460,343,21,2298.39,0.045978552278820375,0.061224489795918366,1.2815160349854227,5.228842478842479
2025-03-07,Google Ads,Social,Existing Customers,South,747.08,13681,586,74,8853.4,0.042833126233462464,0.12627986348122866,1.2748805460750854,11.85067194945655
2025-03-08,YouTube Ads,Video,Lookalike,West,264.78,38443,519,12,1555.96,0.013500507244491845,0.023121387283236993,0.5101734104046243,5.876425711911777
2025-03-08,Meta Ads,Video,Existing Customers,East,755.05,53481,915,30,4782.01,0.017108879789083972,0.03278688524590164,0.825191256830601,6.3333686510827105
2025-03-08,Google Ads,Display,Existing Customers,East,381.64,8943,340,28,4243.73,0.03801856200380185,0.08235294117647059,1.122470588235294,11.119720155120008
2025-03-09,Meta Ads,Social,Existing Customers,West,525.04,63050,914,53,6441.8,0.014496431403647899,0.05798687089715536,0.5744420131291028,12.269160444918484
2025-03-09,Meta Ads,Social,Prospecting,North,1380.74,66366,1783,113,12894.29,0.026866166410511406,0.0633763320246775,0.774391475042064,9.338680707446732
2025-03-09,YouTube Ads,Social,Existing Customers,West,951.35,109739,1584,55,6880.95,0.014434248535160699,0.034722222222222224,0.6005997474747475,7.232827035265675
2025-03-10,Google Ads,Social,Retargeting,West,1012.87,18761,913,75,8823.45,0.04866478332711476,0.08214676889375684,1.1093866374589265,8.71133511704365
2025-03-10,YouTube Ads,Social,Retargeting,West,221.36,34933,384,27,2693.19,0.010992471302207082,0.0703125,0.5764583333333334,12.166561257679797
2025-03-10,Google Ads,Search,Retargeting,East,2310.14,54590,2254,265,34942.55,0.04128961348232277,0.11756876663708962,1.0249068322981365,15.125728310838307
2025-03-10,Meta Ads,Search,Prospecting,West,322.58,18791,406,18,2136.94,0.02160608802086105,0.04433497536945813,0.7945320197044334,6.624527249054498
2025-03-11,Meta Ads,Display,Prospecting,West,1890.59,127561,2644,134,15301.81,0.020727338293051952,0.05068078668683813,0.7150491679273827,8.0936691720574
2025-03-11,Google Ads,Social,Prospecting,West,1359.79,42082,1151,75,6908.95,0.027351361627299082,0.06516072980017376,1.181398783666377,5.080894844056803
2025-03-11,Google Ads,Video,Prospecting,West,1018.77,21483,837,57,6618.91,0.03896103896103896,0.06810035842293907,1.217168458781362,6.496962022831454
2025-03-12,Meta Ads,Social,Retargeting,West,401.55,27005,671,47,3803.34,0.02484725050916497,0.07004470938897168,0.5984351713859911,9.471647366454986
2025-03-12,YouTube Ads,Search,Existing Customers,South,772.49,74308,1537,60,6773.56,0.02068417936157614,0.03903708523096942,0.5025959661678595,8.768475967326438
2025-03-12,Meta Ads,Search,Retargeting,East,515.42,38670,1020,99,10381.56,0.026377036462373934,0.09705882352941177,0.505313725490196,20.141942493500448
2025-03-13,YouTube Ads,Search,Retargeting,South,713.34,83388,1124,65,7810.78,0.013479157672566796,0.05782918149466192,0.634644128113879,10.949589256175175
2025-03-13,LinkedIn Ads,Video,Retargeting,West,595.06,20034,301,12,1786.05,0.015024458420684835,0.03986710963455149,1.9769435215946842,3.001462037441603
2025-03-13,Meta Ads,Search,Retargeting,West,186.04,14712,253,28,3508.24,0.0171968461120174,0.11067193675889328,0.7353359683794466,18.857450010750377
2025-03-13,LinkedIn Ads,Social,Prospecting,West,1451.34,24290,570,26,3667.85,0.023466447097571015,0.0456140350877193,2.5462105263157895,2.5272162277619303
2025-03-14,Google Ads,Video,Lookalike,East,664.05,17222,524,31,3925.03,0.030426199047729648,0.05916030534351145,1.267270992366412,5.910744672840901
2025-03-14,Google Ads,Video,Prospecting,South,510.79,11798,539,32,4328.03,0.04568570944227835,0.059369202226345084,0.9476623376623377,8.473208167740166
2025-03-14,LinkedIn Ads,Search,Lookalike,North,486.32,10362,205,14,2078.0,0.019783825516309594,0.06829268292682927,2.372292682926829,4.272906728080277
2025-03-15,LinkedIn Ads,Search,Lookalike,East,883.67,14763,282,14,1425.58,0.019101808575492787,0.04964539007092199,3.133581560283688,1.613249289893286
2025-03-15,Google Ads,Search,Retargeting,East,391.56,7820,259,37,3724.13,0.03312020460358056,0.14285714285714285,1.5118146718146719,9.511007253039125
2025-03-15,Meta Ads,Search,Existing Customers,East,161.61,7749,192,20,2744.03,0.024777390631049168,0.10416666666666667,0.8417187500000001,16.97933296206918
2025-03-16,Meta Ads,Search,Prospecting,East,912.07,54698,1200,75,8620.03,0.021938644923031922,0.0625,0.7600583333333334,9.451061870251188
2025-03-16,YouTube Ads,Social,Existing Customers,West,980.93,141498,1986,97,12462.92,0.014035534071152949,0.048841893252769386,0.4939224572004028,12.70520832271416
2025-03-16,Meta Ads,Video,Lookalike,North,614.81,30518,761,23,2542.05,0.02493610328330821,0.030223390275952694,0.8078975032851511,4.134692018672436
2025-03-16,Meta Ads,Social,Lookalike,South,331.94,22064,473,41,4274.96,0.02143763596809282,0.08668076109936575,0.7017758985200846,12.878713020425378
2025-03-17,Meta Ads,Social,Lookalike,East,741.66,49435,942,53,7641.21,0.01905532517447153,0.05626326963906582,0.7873248407643312,10.302847666046437
2025-03-17,Meta Ads,Search,Lookalike,West,270.19,16933,415,26,2475.26,0.024508356463709916,0.06265060240963856,0.6510602409638554,9.16118287131278
2025-03-17,Meta Ads,Display,Existing Customers,West,359.02,23588,513,37,5089.11,0.02174834661692386,0.07212475633528265,0.6998440545808966,14.17500417804022
2025-03-18,YouTube Ads,Social,Retargeting,West,429.72,44078,722,39,4853.01,0.01638005354144925,0.054016620498614956,0.5951800554016621,11.293423624685841
2025-03-18,Meta Ads,Video,Lookalike,West,1211.53,79806,1618,65,5627.55,0.02027416484976067,0.040173053152039555,0.7487824474660074,4.644994345992258
2025-03-18,Google Ads,Video,Lookalike,West,553.01,15770,444,40,4001.84,0.028154724159797084,0.09009009009009009,1.245518018018018,7.236469503263955
2025-03-19,Google Ads,Social,Retargeting,East,523.2,10433,499,76,7833.44,0.04782900412153743,0.1523046092184369,1.048496993987976,14.972171253822628
2025-03-19,LinkedIn Ads,Search,Existing Customers,North,2493.97,54168,1288,84,11354.74,0.02377787623689263,0.06521739130434782,1.936312111801242,4.552877540627995
2025-03-19,LinkedIn Ads,Search,Prospecting,East,880.23,13410,283,9,975.54,0.02110365398956003,0.03180212014134275,3.1103533568904593,1.1082785181145836
2025-03-20,Google Ads,Social,Retargeting,East,872.56,15594,509,34,3857.62,0.03264075926638451,0.06679764243614932,1.71426326129666,4.42103694874851
2025-03-20,Google Ads,Video,Prospecting,North,550.47,13451,446,44,3905.54,0.03315738606795034,0.09865470852017937,1.234237668161435,7.0949188874961395
2025-03-20,Meta Ads,Social,Prospecting,West,475.06,28885,815,27,4235.39,0.028215336679937683,0.033128834355828224,0.5828957055214724,8.915484359870332
2025-03-20,Google Ads,Display,Lookalike,East,169.0,5055,166,20,2325.63,0.032838773491592484,0.12048192771084337,1.0180722891566265,13.76112426035503
2025-03-21,LinkedIn Ads,Social,Prospecting,West,1313.91,31439,505,12,1487.78,0.016062851871878878,0.023762376237623763,2.60180198019802,1.1323302204869434
2025-03-21,Google Ads,Search,Prospecting,North,936.81,13401,657,53,5579.24,0.049026192075218265,0.0806697108066971,1.4258904109589041,5.95557263479254
2025-03-21,Google Ads,Social,Prospecting,West,623.05,18962,658,52,5369.14,0.034700980909186795,0.0790273556231003,0.9468844984802431,8.61751063317551
2025-03-22,YouTube Ads,Display,Retargeting,South,640.27,54601,1126,35,5229.99,0.020622332924305417,0.03108348134991119,0.5686234458259325,8.16841332562825
2025-03-22,Google Ads,Display,Lookalike,East,1129.55,34985,952,99,7969.4,0.027211662140917536,0.10399159663865547,1.186502100840336,7.055376034704086
2025-03-22,Google Ads,Social,Existing Customers,East,254.81,5023,193,19,2462.72,0.03842325303603424,0.09844559585492228,1.320259067357513,9.664926808210039
2025-03-23,Google Ads,Search,Prospecting,East,477.07,8620,438,42,3914.1,0.05081206496519722,0.0958904109589041,1.089200913242009,8.204456369086298
2025-03-23,Google Ads,Display,Retargeting,West,334.45,10629,374,33,3554.43,0.035186753222316305,0.08823529411764706,0.8942513368983956,10.627687247720138
2025-03-23,Google Ads,Search,Retargeting,North,2214.01,52224,1743,309,31985.92,0.03337545955882353,0.17728055077452667,1.270229489386116,14.447053084674412
2025-03-23,Google Ads,Video,Retargeting,East,1236.77,31659,898,117,11378.53,0.028364761995009317,0.13028953229398663,1.377249443207127,9.200198905212773
2025-03-24,Google Ads,Search,Retargeting,West,167.22,3457,147,22,2544.03,0.04252241828174718,0.14965986394557823,1.1375510204081634,15.213670613562972
2025-03-24,Google Ads,Search,Prospecting,North,261.68,6991,213,34,2338.37,0.030467744242597624,0.1596244131455399,1.2285446009389671,8.935990522775908
2025-03-24,Meta Ads,Social,Retargeting,South,642.3,44480,962,77,8417.73,0.02162769784172662,0.08004158004158005,0.6676715176715177,13.105604857543204
2025-03-25,Meta Ads,Social,Retargeting,South,514.91,46491,819,71,8049.61,0.017616312834742208,0.08669108669108669,0.6287057387057386,15.633042667650658
2025-03-25,Meta Ads,Social,Retargeting,East,295.96,11987,349,36,3259.19,0.029114874447317928,0.10315186246418338,0.8480229226361031,11.012265170969052
2025-03-25,Google Ads,Social,Retargeting,West,2477.92,46998,2025,199,28305.35,0.043086939869781696,0.09827160493827161,1.2236641975308642,11.423028184929295
2025-03-26,Meta Ads,Video,Lookalike,West,857.68,50331,1101,54,5632.19,0.021875186266913035,0.04904632152588556,0.7790009082652134,6.566773155489226
2025-03-26,YouTube Ads,Social,Lookalike,West,953.09,106022,1292,50,5536.26,0.012186150044330423,0.03869969040247678,0.7376857585139319,5.808748386826008
2025-03-26,YouTube Ads,Social,Prospecting,South,446.42,46064,911,37,3860.58,0.01977683223341438,0.04061470911086718,0.49003293084522503,8.647865239012589
2025-03-27,Google Ads,Social,Lookalike,East,1119.41,32439,1063,103,11693.78,0.03276919757082524,0.09689557855126998,1.0530667920978365,10.44637800269785
2025-03-27,Google Ads,Search,Existing Customers,North,546.64,16140,463,51,7631.15,0.028686493184634447,0.1101511879049676,1.1806479481641468,13.960101712278647
2025-03-27,Google Ads,Social,Prospecting,South,582.25,21737,554,38,6061.54,0.025486497676772323,0.06859205776173286,1.0509927797833936,10.410545298411336
2025-03-27,Google Ads,Search,Retargeting,North,1041.31,25643,799,99,12713.73,0.031158600787739344,0.12390488110137672,1.3032665832290362,12.20936128530409
2025-03-28,Meta Ads,Social,Prospecting,North,242.8,20494,347,16,2153.34,0.016931784912657365,0.04610951008645533,0.6997118155619597,8.868780889621087
2025-03-28,Meta Ads,Search,Lookalike,West,1976.63,163626,3218,211,30783.99,0.019666801119626466,0.06556867619639528,0.614241765071473,15.573976920313868
2025-03-28,Google Ads,Video,Prospecting,West,788.11,16942,678,22,2628.55,0.04001888797072364,0.032448377581120944,1.1624041297935104,3.3352577685856035
2025-03-29,Meta Ads,Social,Lookalike,East,1609.52,105775,2175,131,18767.65,0.02056251477192153,0.06022988505747127,0.7400091954022988,11.660401858939313
2025-03-29,Meta Ads,Video,Prospecting,North,347.95,17736,416,27,3490.11,0.02345511953089761,0.06490384615384616,0.8364182692307692,10.03049288690904
2025-03-29,Google Ads,Social,Retargeting,North,384.15,10219,314,17,1999.06,0.0307270770134064,0.054140127388535034,1.223407643312102,5.203852661720682
2025-03-30,LinkedIn Ads,Search,Existing Customers,North,328.93,6973,127,8,1048.09,0.018213107701132943,0.06299212598425197,2.59,3.1863618399051465
2025-03-30,Google Ads,Display,Prospecting,East,823.67,13749,680,34,2795.29,0.04945814241035712,0.05,1.2112794117647059,3.3937013609819466
2025-03-30,YouTube Ads,Social,Existing Customers,North,730.68,92135,1298,81,10520.18,0.014088023009714007,0.062403697996918334,0.5629275808936826,14.39779383587891
2025-03-30,Google Ads,Display,Existing Customers,South,517.61,13464,505,26,2448.93,0.03750742721330957,0.05148514851485148,1.024970297029703,4.731226212785687
2025-03-31,LinkedIn Ads,Social,Existing Customers,West,362.11,10604,144,7,648.23,0.013579781214635987,0.04861111111111111,2.514652777777778,1.7901466405235977
2025-03-31,YouTube Ads,Social,Prospecting,West,307.29,28346,559,18,2132.49,0.01972059549848303,0.03220035778175313,0.5497137745974956,6.939666113443326
2025-03-31,YouTube Ads,Video,Lookalike,West,678.28,64800,892,27,2563.56,0.013765432098765433,0.030269058295964126,0.7604035874439462,3.7795010909948696
2025-04-01,LinkedIn Ads,Social,Prospecting,South,517.21,8001,174,7,804.1,0.021747281589801274,0.040229885057471264,2.972471264367816,1.5546876510508303
2025-04-01,LinkedIn Ads,Social,Prospecting,East,448.29,9599,169,10,1174.92,0.01760600062506511,0.05917159763313609,2.6526035502958583,2.620892725690959
2025-04-01,Meta Ads,Display,Existing Customers,North,1913.5,101831,2501,123,15714.29,0.02456030089069144,0.04918032786885246,0.765093962415034,8.212328194408153
2025-04-02,LinkedIn Ads,Display,Lookalike,West,663.53,13786,280,10,987.26,0.020310459886841725,0.03571428571428571,2.36975,1.4878905249197474
2025-04-02,Google Ads,Video,Retargeting,North,1598.16,52693,1700,99,12986.45,0.03226234983773936,0.05823529411764706,0.9400941176470589,8.12587600740852
2025-04-02,Meta Ads,Social,Prospecting,East,494.95,26589,712,22,2494.66,0.02677799089849186,0.03089887640449438,0.6951544943820225,5.040226285483382
2025-04-02,Meta Ads,Social,Lookalike,East,820.72,58466,1122,56,6884.6,0.01919064071426128,0.049910873440285206,0.7314795008912656,8.388488156740424
2025-04-03,YouTube Ads,Display,Lookalike,West,675.21,65026,1122,35,3271.24,0.017254636606895704,0.031194295900178252,0.6017914438502674,4.844774218391315
2025-04-03,Meta Ads,Social,Retargeting,South,232.21,14580,299,15,1676.85,0.020507544581618655,0.05016722408026756,0.7766220735785954,7.22126523405538
2025-04-03,Meta Ads,Display,Existing Customers,North,1771.36,90615,2123,122,17754.83,0.02342879214258125,0.0574658502119642,0.834366462552991,10.023275901002622
2025-04-04,Meta Ads,Social,Prospecting,West,641.13,49149,995,39,5166.06,0.020244562452949196,0.03919597989949749,0.6443517587939699,8.05774179963502
2025-04-04,Google Ads,Search,Prospecting,East,1137.12,31232,1103,98,9863.58,0.035316342213114756,0.08884859474161379,1.0309338168631006,8.674176867876742
2025-04-04,Google Ads,Display,Retargeting,South,429.35,10262,296,18,1893.24,0.028844279867472226,0.060810810810810814,1.4505067567567569,4.409549318737627
2025-04-05,Meta Ads,Search,Existing Customers,South,628.87,33562,772,50,5249.0,0.023002204874560516,0.06476683937823834,0.8145984455958549,8.346717127546233
2025-04-05,Meta Ads,Search,Prospecting,South,398.47,26561,589,51,5262.41,0.022175369903241596,0.0865874363327674,0.6765195246179967,13.206540015559513
2025-04-05,Google Ads,Social,Prospecting,South,1563.18,43549,1383,130,11676.18,0.03175733082275138,0.09399855386840203,1.1302819956616053,7.469504471653936
2025-04-06,Meta Ads,Display,Prospecting,South,857.05,55547,1210,70,7875.9,0.021783354636614037,0.05785123966942149,0.7083057851239669,9.189545534099528
2025-04-06,Meta Ads,Video,Existing Customers,South,888.62,54488,1228,86,11739.71,0.022537072382909997,0.07003257328990228,0.7236319218241042,13.21117012896401
2025-04-06,Google Ads,Search,Prospecting,South,1692.4,43544,1364,104,10490.38,0.03132463714863127,0.07624633431085044,1.2407624633431085,6.198522807846844
2025-04-06,Meta Ads,Search,Retargeting,North,1484.31,63919,1374,177,20066.33,0.021495955819083527,0.12882096069868995,1.0802838427947599,13.51896167242692
2025-04-07,Meta Ads,Video,Existing Customers,West,1151.19,84488,1551,48,5755.85,0.01835763658744437,0.030947775628626693,0.7422243713733075,4.999913133366343
2025-04-07,Google Ads,Search,Prospecting,North,277.82,4065,217,18,2411.86,0.05338253382533825,0.08294930875576037,1.2802764976958525,8.681376430782521
2025-04-07,YouTube Ads,Search,Retargeting,North,445.36,55426,1006,52,5407.55,0.018150326561541516,0.05168986083499006,0.4427037773359841,12.141975031435244
2025-04-08,YouTube Ads,Search,Retargeting,North,364.51,43095,679,23,2406.86,0.0157558881540782,0.033873343151693665,0.5368335787923416,6.603001289402211
2025-04-08,Meta Ads,Social,Lookalike,West,1123.25,47189,1282,72,7183.56,0.027167348322702324,0.056162246489859596,0.876170046801872,6.395334965501892
2025-04-08,Google Ads,Video,Prospecting,South,782.12,26030,638,52,4915.29,0.02451018056089128,0.08150470219435736,1.2258934169278997,6.284572699841457
2025-04-09,Meta Ads,Display,Retargeting,South,283.51,57265,795,69,8592.25,0.013882825460578015,0.08679245283018867,0.35661635220125787,30.306691122006278
2025-04-09,LinkedIn Ads,Display,Prospecting,South,619.18,13849,232,10,1125.68,0.01675211206585313,0.04310344827586207,2.668879310344827,1.8180173778222812
2025-04-09,Meta Ads,Search,Lookalike,North,265.05,15787,271,16,1855.79,0.017166022676886047,0.05904059040590406,0.9780442804428044,7.001660064138841
2025-04-09,LinkedIn Ads,Social,Lookalike,South,676.23,22493,388,23,3172.7,0.01724981105232739,0.059278350515463915,1.742860824742268,4.691746890850745
2025-04-10,Meta Ads,Social,Prospecting,North,238.67,11389,260,16,2223.64,0.02282904557028712,0.06153846153846154,0.9179615384615384,9.316797251435036
2025-04-10,Meta Ads,Search,Prospecting,West,987.15,82267,2136,156,13317.37,0.02596423839449597,0.07303370786516854,0.46214887640449437,13.49072582687535
2025-04-10,Google Ads,Search,Existing Customers,North,894.94,23496,670,79,10806.72,0.028515491998638065,0.11791044776119403,1.3357313432835822,12.075357007173665
2025-04-11,LinkedIn Ads,Social,Prospecting,South,2419.33,52165,1009,38,4524.34,0.019342471005463432,0.03766105054509415,2.397750247770069,1.8700797328185903
2025-04-11,Google Ads,Search,Prospecting,West,1214.63,43829,1538,81,8642.0,0.035090921535969335,0.05266579973992198,0.7897464239271782,7.114923886286358
2025-04-11,Meta Ads,Social,Retargeting,West,531.76,29376,688,50,6044.92,0.023420479302832243,0.07267441860465117,0.7729069767441861,11.367759891680457
2025-04-12,YouTube Ads,Display,Prospecting,East,1191.33,125107,1709,33,2769.53,0.013660306777398547,0.01930953774136922,0.6970918665886483,2.324737897979569
2025-04-12,Google Ads,Search,Prospecting,North,282.2,5168,232,26,3674.52,0.04489164086687306,0.11206896551724138,1.2163793103448275,13.020978029766123
2025-04-12,Meta Ads,Social,Retargeting,South,374.46,21951,474,59,7331.87,0.02159354926882602,0.12447257383966245,0.7899999999999999,19.5798483149068
2025-04-13,Google Ads,Display,Prospecting,North,869.24,16754,807,42,4175.91,0.04816760176674227,0.05204460966542751,1.0771251548946716,4.804093230868345
2025-04-13,LinkedIn Ads,Display,Retargeting,East,172.12,6213,97,6,626.78,0.015612425559311123,0.061855670103092786,1.7744329896907216,3.64152916569835
2025-04-13,Google Ads,Display,Lookalike,South,683.29,13298,532,51,4301.51,0.04000601594224695,0.09586466165413533,1.2843796992481202,6.295291896559295
2025-04-13,YouTube Ads,Social,Retargeting,East,360.65,31672,470,10,1093.49,0.014839605961101288,0.02127659574468085,0.7673404255319148,3.0319977817828923
2025-04-14,Google Ads,Display,Prospecting,East,747.65,16457,543,23,2445.15,0.03299507808227502,0.0423572744014733,1.3768876611418048,3.2704474018591587
2025-04-14,YouTube Ads,Search,Lookalike,West,347.43,48964,823,36,3281.33,0.016808267298423333,0.04374240583232078,0.4221506682867558,9.44457876406758
2025-04-14,LinkedIn Ads,Social,Prospecting,South,922.27,28728,490,6,773.88,0.01705653021442495,0.012244897959183673,1.8821836734693878,0.8391035163238532
2025-04-15,Meta Ads,Search,Lookalike,West,708.85,82717,1127,89,12280.43,0.013624768789970623,0.07897071872227152,0.6289707187222715,17.324440995979405
2025-04-15,LinkedIn Ads,Social,Prospecting,South,1739.44,90151,935,58,6641.44,0.010371487837073355,0.06203208556149733,1.8603636363636364,3.8181483695902125
2025-04-15,LinkedIn Ads,Social,Lookalike,East,703.07,12857,291,20,2189.97,0.022633584817609083,0.06872852233676977,2.416048109965636,3.1148676518696568
2025-04-16,YouTube Ads,Search,Prospecting,East,424.73,36756,688,23,2825.08,0.018718032430079443,0.03343023255813953,0.6173401162790698,6.651472700303722
2025-04-16,Google Ads,Display,Prospecting,West,596.22,13263,652,58,6649.5,0.04915931538867526,0.08895705521472393,0.9144478527607363,11.15276240313978
2025-04-16,Meta Ads,Social,Retargeting,South,292.17,16324,358,34,3247.71,0.021930899289389856,0.09497206703910614,0.8161173184357542,11.11582297977205
2025-04-16,Google Ads,Search,Prospecting,West,911.48,25961,720,69,7124.37,0.027733908555140404,0.09583333333333334,1.2659444444444445,7.816265853337429
2025-04-17,Meta Ads,Search,Prospecting,South,1027.09,76325,1557,100,10966.42,0.02039960694398952,0.06422607578676943,0.65965960179833,10.67717532056587
2025-04-17,Google Ads,Social,Lookalike,South,3484.42,88817,3115,284,33928.73,0.03507211457266064,0.09117174959871589,1.118593900481541,9.737267608382458
2025-04-17,Meta Ads,Social,Lookalike,South,467.26,48331,887,42,4837.06,0.018352610126006082,0.04735062006764374,0.5267869222096956,10.351966785087532
2025-04-18,Meta Ads,Social,Prospecting,East,588.17,29121,862,65,7721.13,0.029600631846433845,0.07540603248259861,0.6823317865429234,13.127378138973427
2025-04-18,Meta Ads,Search,Existing Customers,East,481.47,20290,668,60,5673.44,0.03292262198127156,0.08982035928143713,0.7207634730538922,11.783579454586992
2025-04-18,Meta Ads,Display,Lookalike,North,803.48,45292,1086,79,10030.94,0.023977744414024553,0.072744014732965,0.739852670349908,12.484367999203466
2025-04-19,LinkedIn Ads,Video,Existing Customers,West,897.11,19594,352,18,2236.8,0.01796468306624477,0.05113636363636364,2.5486079545454547,2.493339724225569
2025-04-19,LinkedIn Ads,Social,Lookalike,West,676.13,19008,271,11,1770.44,0.014257154882154881,0.04059040590405904,2.4949446494464946,2.6184905269696657
2025-04-19,Meta Ads,Social,Lookalike,North,1418.27,70713,2055,180,19444.06,0.029061134444868693,0.08759124087591241,0.6901557177615572,13.70970266592398
2025-04-19,Meta Ads,Video,Retargeting,West,468.74,27887,622,31,3745.49,0.022304299494388065,0.04983922829581994,0.7536012861736334,7.990549131714809
2025-04-20,YouTube Ads,Video,Lookalike,East,1328.88,137086,1952,66,10951.11,0.014239236683541719,0.03381147540983607,0.6807786885245902,8.240856962253927
2025-04-20,Google Ads,Social,Existing Customers,North,993.37,22978,877,72,9214.07,0.03816694229262773,0.08209806157354618,1.132690992018244,9.27556700927147
2025-04-20,Google Ads,Video,Prospecting,South,694.55,18223,574,43,4892.65,0.03149865554519014,0.07491289198606271,1.2100174216027875,7.0443452595205525
2025-04-21,Google Ads,Video,Prospecting,West,570.42,14219,511,28,2722.59,0.03593782966453337,0.0547945205479452,1.1162818003913892,4.7729567686967505
2025-04-21,Meta Ads,Display,Prospecting,South,3389.42,307676,5221,241,34344.62,0.01696914936491634,0.04615973951350316,0.6491898103811531,10.13288999297815
2025-04-21,Meta Ads,Social,Existing Customers,West,411.59,19660,526,55,5591.69,0.026754832146490336,0.10456273764258556,0.7824904942965779,13.585582740105444
2025-04-22,LinkedIn Ads,Search,Retargeting,South,849.58,21908,387,34,4171.4,0.017664779989045098,0.08785529715762273,2.195297157622739,4.909955507427199
2025-04-22,Meta Ads,Search,Lookalike,North,429.85,20699,561,45,4791.42,0.02710275858737137,0.08021390374331551,0.7662210338680927,11.14672560195417
2025-04-22,Google Ads,Social,Lookalike,South,2234.41,57294,1934,106,11828.75,0.033755716130833946,0.05480868665977249,1.1553309203722852,5.293903088511062
2025-04-23,YouTube Ads,Social,Existing Customers,East,1245.78,154064,2255,87,8397.13,0.014636774327552187,0.038580931263858094,0.5524523281596452,6.740459792258664
2025-04-23,LinkedIn Ads,Social,Prospecting,East,450.41,13682,198,14,1948.47,0.014471568484139746,0.0707070707070707,2.27479797979798,4.325991874070291
2025-04-23,Google Ads,Social,Lookalike,West,976.79,22951,921,56,6159.98,0.04012897041523245,0.06080347448425624,1.0605754614549403,6.306350392612536
2025-04-23,Meta Ads,Social,Existing Customers,North,827.64,79612,1496,118,11868.28,0.018791137014520422,0.07887700534759358,0.553235294117647,14.339906239427771
2025-04-24,Google Ads,Display,Prospecting,West,500.33,12755,409,31,4264.0,0.03206585652685221,0.07579462102689487,1.2233007334963324,8.52237523234665
2025-04-24,Google Ads,Search,Lookalike,East,1145.83,27423,960,113,11969.59,0.035007110819385186,0.11770833333333333,1.1935729166666667,10.44621802536153
2025-04-24,Google Ads,Search,Prospecting,North,901.56,19121,684,97,11739.22,0.03577218764708959,0.14181286549707603,1.3180701754385964,13.021008030524868
2025-04-25,YouTube Ads,Display,Retargeting,West,805.36,137035,1512,49,6377.13,0.011033677527638924,0.032407407407407406,0.5326455026455027,7.9183594914075695
2025-04-25,Meta Ads,Display,Retargeting,South,681.18,33121,699,31,3829.51,0.021104435252558798,0.044349070100143065,0.9745064377682403,5.621876743298395
2025-04-25,Meta Ads,Video,Prospecting,East,926.36,53849,1367,67,5055.86,0.02538580103623094,0.04901243599122165,0.6776591075347477,5.457770197331491
2025-04-26,LinkedIn Ads,Video,Prospecting,East,812.55,23134,389,9,1147.65,0.016815077375291778,0.02313624678663239,2.0888174807197943,1.4124053904375118
2025-04-26,Meta Ads,Video,Prospecting,North,727.41,56040,1184,35,3961.61,0.021127765881513206,0.02956081081081081,0.614366554054054,5.446185782433566
2025-04-26,YouTube Ads,Social,Prospecting,North,461.47,67983,1050,23,2508.78,0.01544503773002074,0.021904761904761906,0.4394952380952381,5.436496413634689
2025-04-26,LinkedIn Ads,Social,Retargeting,East,2104.91,38985,686,59,6669.16,0.017596511478773887,0.08600583090379009,3.0683819241982504,3.1683824961637317
2025-04-27,Meta Ads,Search,Prospecting,South,353.65,21559,394,26,2236.5,0.018275430214759497,0.06598984771573604,0.8975888324873096,6.3240492011876155
2025-04-27,Meta Ads,Social,Prospecting,North,924.31,53348,1166,70,8292.14,0.021856489465397016,0.060034305317324184,0.7927186963979417,8.971167681838343
2025-04-27,YouTube Ads,Video,Lookalike,North,568.46,63047,1131,28,2532.35,0.01793899789046267,0.02475685234305924,0.5026171529619806,4.454754951975512
2025-04-28,LinkedIn Ads,Social,Lookalike,West,2196.86,45982,685,36,3954.78,0.014897133660997782,0.052554744525547446,3.207094890510949,1.800196644301412
2025-04-28,YouTube Ads,Social,Retargeting,North,389.09,50634,710,85,10014.08,0.014022198522731762,0.11971830985915492,0.5480140845070423,25.73718162892904
2025-04-28,Google Ads,Search,Existing Customers,North,434.05,14436,394,55,7979.36,0.027292878913826545,0.13959390862944163,1.1016497461928934,18.383504204584725
2025-04-29,YouTube Ads,Search,Prospecting,East,372.67,28757,511,15,1503.7,0.01776958653545224,0.029354207436399216,0.7292954990215265,4.034937075696997
2025-04-29,Meta Ads,Search,Lookalike,North,863.79,49914,1080,46,6491.91,0.02163721601153985,0.04259259259259259,0.7998055555555555,7.515611433334491
2025-04-29,Google Ads,Search,Prospecting,East,286.75,5827,175,12,1584.52,0.030032606830272868,0.06857142857142857,1.6385714285714286,5.525789014821273
2025-04-30,Meta Ads,Video,Lookalike,East,512.88,30624,685,31,3325.39,0.022368077324973878,0.04525547445255475,0.7487299270072992,6.483758384027452
2025-04-30,Meta Ads,Social,Existing Customers,East,172.78,14451,256,11,1129.11,0.0177150370216594,0.04296875,0.674921875,6.534957749739553
2025-04-30,Google Ads,Display,Lookalike,South,818.4,27014,785,56,4984.63,0.029059006441104613,0.07133757961783439,1.042547770700637,6.090701368523949
2025-04-30,Meta Ads,Display,Retargeting,West,505.7,55807,944,100,11989.16,0.01691544071532245,0.1059322033898305,0.5356991525423729,23.708048249950565
2025-05-01,LinkedIn Ads,Search,Retargeting,East,266.09,7809,116,19,1932.85,0.014854654885388655,0.16379310344827586,2.293879310344827,7.263895674395881
2025-05-01,Google Ads,Search,Prospecting,South,1417.61,22960,1026,102,13932.02,0.044686411149825786,0.09941520467836257,1.3816861598440544,9.82782288499658
2025-05-01,Meta Ads,Display,Lookalike,North,299.2,19606,378,17,1747.07,0.01927981230235642,0.04497354497354497,0.7915343915343915,5.839137700534759
2025-05-02,Meta Ads,Search,Lookalike,South,1175.08,68002,1627,155,15312.13,0.02392576688920914,0.09526736324523663,0.722237246465888,13.030712802532594
2025-05-02,Google Ads,Video,Existing Customers,North,443.81,15045,453,37,4763.44,0.030109670987038883,0.08167770419426049,0.9797130242825607,10.73306144521304
2025-05-02,YouTube Ads,Search,Retargeting,North,1982.48,191655,3296,138,14165.86,0.017197568547650727,0.041868932038834954,0.6014805825242718,7.14552479722368
2025-05-03,LinkedIn Ads,Display,Prospecting,South,1139.44,26997,404,14,1612.15,0.014964625699151758,0.034653465346534656,2.8203960396039607,1.414861686442463
2025-05-03,Google Ads,Display,Retargeting,North,363.53,8369,295,29,3849.69,0.03524913370773091,0.09830508474576272,1.2323050847457626,10.589745000412622
2025-05-03,YouTube Ads,Search,Prospecting,North,385.67,42725,647,10,1171.1,0.015143358689291984,0.015455950540958269,0.5960896445131376,3.0365338242538953
2025-05-03,YouTube Ads,Search,Prospecting,South,1037.61,89097,2032,66,7733.71,0.02280660403829534,0.03248031496062992,0.5106348425196849,7.4533880745174015
2025-05-04,Google Ads,Video,Prospecting,East,590.24,11401,447,27,3204.7,0.039207087097623015,0.06040268456375839,1.3204474272930649,5.429486310653293
2025-05-04,LinkedIn Ads,Search,Lookalike,North,627.04,26641,431,30,2535.73,0.01617807139371645,0.06960556844547564,1.4548491879350347,4.043968486858893
2025-05-04,Google Ads,Social,Prospecting,South,1600.44,33061,1309,92,11228.88,0.03959347872115181,0.07028265851795264,1.2226432391138273,7.016120566844117
2025-05-05,YouTube Ads,Social,Prospecting,North,430.28,22322,492,11,1296.67,0.02204103574948481,0.022357723577235773,0.8745528455284552,3.013549316723994
2025-05-05,Meta Ads,Search,Prospecting,North,742.8,80027,1313,90,11796.49,0.016406962650105588,0.06854531607006854,0.5657273419649657,15.881112008616048
2025-05-05,Meta Ads,Display,Existing Customers,North,1301.91,99395,1879,95,12917.81,0.0189043714472559,0.05055880787653007,0.6928738690792975,9.922198923120645
2025-05-06,Google Ads,Display,Lookalike,South,1184.42,30740,1031,96,10691.03,0.03353936239427456,0.09311348205625607,1.1488069835111543,9.026384221813208
2025-05-06,YouTube Ads,Social,Prospecting,East,631.02,84225,1172,24,3205.99,0.013915108340753933,0.020477815699658702,0.5384129692832764,5.080647206110741
2025-05-06,Google Ads,Display,Prospecting,West,580.15,12953,427,26,2853.05,0.03296533621554852,0.06088992974238876,1.3586651053864167,4.917779884512626
2025-05-06,Google Ads,Search,Retargeting,East,226.07,6576,182,23,2747.32,0.02767639902676399,0.12637362637362637,1.2421428571428572,12.152519131242537
2025-05-07,Google Ads,Search,Prospecting,East,352.31,6635,299,29,3172.58,0.04506405425772419,0.09698996655518395,1.178294314381271,9.00508075274616
2025-05-07,LinkedIn Ads,Social,Retargeting,West,860.93,22679,316,28,3452.73,0.013933594955685876,0.08860759493670886,2.7244620253164555,4.01046542692205
2025-05-07,Google Ads,Video,Retargeting,South,639.99,16439,555,42,4545.37,0.03376117768720725,0.07567567567567568,1.153135135135135,7.102251597681214
2025-05-08,YouTube Ads,Search,Existing Customers,West,734.94,42083,762,32,4999.31,0.018107074115438538,0.04199475065616798,0.964488188976378,6.802337605790949
2025-05-08,Meta Ads,Search,Prospecting,West,1375.53,85235,1865,140,21183.75,0.02188068281809116,0.07506702412868632,0.7375495978552279,15.400427471592769
2025-05-08,Google Ads,Social,Lookalike,East,323.54,9304,273,14,1830.23,0.029342218400687875,0.05128205128205128,1.1851282051282053,5.656889410892007
2025-05-09,Google Ads,Display,Prospecting,West,600.38,24985,686,48,6851.68,0.027456473884330597,0.06997084548104957,0.8751895043731779,11.41223891535361
2025-05-09,Google Ads,Search,Existing Customers,North,791.35,22364,751,107,10087.71,0.03358075478447505,0.14247669773635152,1.053728362183755,12.747469514121436
2025-05-09,Meta Ads,Social,Existing Customers,West,442.91,26670,512,36,3476.46,0.019197600299962505,0.0703125,0.86505859375,7.84913413560317
2025-05-10,LinkedIn Ads,Display,Lookalike,East,1774.97,49043,916,38,4150.05,0.018677487103154373,0.04148471615720524,1.9377401746724892,2.338095855141214
2025-05-10,Google Ads,Social,Retargeting,North,1263.53,57066,1552,169,19560.42,0.02719657939929205,0.10889175257731959,0.8141301546391753,15.480772122545567
2025-05-10,LinkedIn Ads,Search,Prospecting,North,845.28,16797,350,16,1782.92,0.020837054235875455,0.045714285714285714,2.415085714285714,2.1092655688056032
2025-05-10,Google Ads,Search,Lookalike,East,2246.95,43906,1569,119,10167.55,0.035735434792511275,0.0758444869343531,1.4320905035054174,4.5250450610828015
2025-05-11,LinkedIn Ads,Social,Lookalike,South,264.22,5852,109,5,678.64,0.01862611073137389,0.045871559633027525,2.4240366972477068,2.5684656725456056
2025-05-11,YouTube Ads,Social,Prospecting,South,696.49,65168,1267,46,7073.68,0.019442057451509943,0.036306235201262825,0.549715864246251,10.156183146922425
2025-05-11,LinkedIn Ads,Video,Retargeting,South,888.2,29935,498,30,4141.73,0.016636044763654587,0.060240963855421686,1.7835341365461848,4.663060121594235
2025-05-12,Meta Ads,Social,Retargeting,West,386.3,25847,499,31,4170.72,0.019305915580144696,0.06212424849699399,0.7741482965931864,10.796582966606264
2025-05-12,LinkedIn Ads,Display,Lookalike,South,851.11,19559,319,16,1905.12,0.016309627281558364,0.050156739811912224,2.6680564263322886,2.238394567094735
2025-05-12,Google Ads,Video,Lookalike,North,340.97,11654,394,27,2695.3,0.0338081345460786,0.06852791878172589,0.8654060913705585,7.9048010088864125
2025-05-13,Google Ads,Social,Retargeting,South,1096.57,23089,795,140,16282.77,0.034431980596820996,0.1761006289308176,1.3793333333333333,14.848819500807064
2025-05-13,Google Ads,Social,Retargeting,North,1392.25,35535,1071,134,20488.68,0.030139299282397638,0.12511671335200747,1.299953314659197,14.716236308134315
2025-05-13,Meta Ads,Video,Prospecting,East,835.56,63329,968,56,6085.2,0.01528525635964566,0.05785123966942149,0.8631818181818182,7.282780410742497
2025-05-13,LinkedIn Ads,Search,Prospecting,West,209.93,4917,80,4,427.24,0.016270083384177344,0.05,2.6241250000000003,2.0351545753346354
2025-05-14,Meta Ads,Display,Prospecting,West,373.41,19896,467,32,4317.81,0.023472054684358666,0.06852248394004283,0.7995931477516061,11.563187916767093
2025-05-14,YouTube Ads,Display,Lookalike,East,1010.44,104277,1603,40,5445.05,0.015372517429538633,0.024953212726138492,0.6303431066749844,5.388791021733106
2025-05-14,Google Ads,Search,Retargeting,West,709.71,12363,537,68,6782.17,0.04343605920892987,0.1266294227188082,1.3216201117318436,9.55625537191247
2025-05-15,LinkedIn Ads,Social,Retargeting,South,121.51,2657,68,2,220.59,0.02559277380504328,0.029411764705882353,1.7869117647058825,1.815406139412394
2025-05-15,Google Ads,Search,Prospecting,East,1570.14,43264,1736,132,13987.47,0.04012573964497041,0.07603686635944701,0.9044585253456222,8.90842217891398
2025-05-15,Google Ads,Search,Prospecting,North,765.02,16663,748,75,8719.08,0.044889875772669986,0.10026737967914438,1.0227540106951871,11.39719223026849
2025-05-16,LinkedIn Ads,Social,Retargeting,East,411.04,8469,175,19,2562.46,0.02066359664659346,0.10857142857142857,2.3488,6.234089139743091
2025-05-16,YouTube Ads,Search,Prospecting,East,1336.49,106145,2166,83,8343.78,0.020406048330114467,0.03831948291782087,0.6170313942751616,6.243054568309527
2025-05-16,Meta Ads,Display,Prospecting,North,450.64,19350,594,26,3499.96,0.030697674418604652,0.04377104377104377,0.7586531986531986,7.76664299662702
2025-05-17,Google Ads,Video,Lookalike,East,447.46,7825,325,13,1518.79,0.04153354632587859,0.04,1.3768,3.39424753050552
2025-05-17,Meta Ads,Display,Prospecting,East,883.6,40868,1021,51,8000.44,0.02498287168444749,0.04995102840352596,0.8654260528893242,9.054368492530557
2025-05-17,Google Ads,Search,Prospecting,South,2227.77,66023,2227,184,22215.97,0.03373066961513412,0.08262236192186799,1.00034575662326,9.972290676326551
2025-05-17,YouTube Ads,Search,Retargeting,East,2011.05,224128,3337,152,17214.83,0.014888813535122787,0.04554989511537309,0.60265208270902,8.560120335148307
2025-05-18,LinkedIn Ads,Search,Lookalike,South,884.39,24914,422,31,3885.69,0.016938267640683954,0.07345971563981042,2.0957109004739336,4.393638553127015
2025-05-18,Google Ads,Search,Prospecting,South,945.42,21640,847,58,6318.02,0.039140480591497225,0.06847697756788666,1.116198347107438,6.682765331810201
2025-05-18,Google Ads,Video,Lookalike,North,1170.93,31454,967,66,5457.22,0.030743307687416545,0.06825232678386763,1.2108893485005172,4.660586029907851
2025-05-19,Google Ads,Social,Existing Customers,South,309.22,13721,464,55,6573.83,0.03381677720282778,0.11853448275862069,0.6664224137931035,21.25939460578229
2025-05-19,YouTube Ads,Search,Lookalike,West,1063.99,127024,1247,51,5629.72,0.009817042448671117,0.0408981555733761,0.8532397754611066,5.291139954322879
2025-05-19,Meta Ads,Display,Retargeting,West,434.39,18367,551,55,4748.61,0.02999945554527141,0.0998185117967332,0.7883666061705988,10.93167430189461
2025-05-20,LinkedIn Ads,Social,Lookalike,East,861.0,22833,395,18,2046.34,0.017299522620768188,0.04556962025316456,2.179746835443038,2.3767015098722415
2025-05-20,Meta Ads,Search,Retargeting,East,603.79,25795,616,61,4745.31,0.023880597014925373,0.09902597402597403,0.9801785714285713,7.85920601533646
2025-05-20,Meta Ads,Search,Retargeting,East,969.58,49788,1424,183,19899.72,0.028601269382180446,0.12851123595505617,0.6808848314606741,20.524061964974525
2025-05-20,Google Ads,Social,Retargeting,South,755.85,17405,643,102,12177.24,0.03694340706693479,0.15863141524105753,1.1755054432348366,16.110656876364356
2025-05-21,YouTube Ads,Display,Prospecting,South,94.97,9099,177,2,233.49,0.01945268710847346,0.011299435028248588,0.5365536723163842,2.458565862904075
2025-05-21,Google Ads,Search,Prospecting,East,786.32,18757,525,39,4196.43,0.027989550567788027,0.07428571428571429,1.497752380952381,5.336796723980059
2025-05-21,Meta Ads,Video,Retargeting,West,1062.61,44315,1501,68,7715.31,0.033871149723569895,0.04530313124583611,0.7079347101932044,7.260716537581993
2025-05-22,Meta Ads,Video,Prospecting,South,935.36,47393,1268,52,5246.12,0.026755006013546304,0.04100946372239748,0.7376656151419558,5.608664043790625
2025-05-22,Meta Ads,Display,Retargeting,East,654.85,32831,750,42,4838.18,0.0228442630440742,0.056,0.8731333333333333,7.388226311369016
2025-05-22,YouTube Ads,Search,Retargeting,South,2035.48,164859,3196,148,17174.74,0.01938626341297715,0.04630788485607009,0.6368836045056321,8.437685459940653
2025-05-23,Google Ads,Search,Existing Customers,South,857.03,26516,752,93,9923.02,0.02836023532961231,0.12367021276595745,1.1396675531914893,11.578381153518547
2025-05-23,Meta Ads,Video,Prospecting,South,930.36,51804,1082,39,4672.92,0.020886418037217202,0.036044362292051754,0.8598521256931608,5.022700889978073
2025-05-23,Meta Ads,Social,Retargeting,North,1380.22,44758,1277,108,12928.26,0.028531212297242953,0.08457321848081441,1.080830070477682,9.366811088087406
2025-05-23,Meta Ads,Social,Retargeting,South,886.04,74425,1170,72,8064.59,0.01572052401746725,0.06153846153846154,0.7572991452991452,9.101835131596768
2025-05-24,Google Ads,Display,Prospecting,East,390.48,8601,333,21,3330.16,0.0387164283222881,0.06306306306306306,1.1726126126126126,8.52837533292358
2025-05-24,Google Ads,Search,Prospecting,East,143.48,3141,121,9,1012.21,0.03852276345113021,0.0743801652892562,1.1857851239669421,7.0547114580429335
2025-05-24,Google Ads,Display,Prospecting,West,513.35,7256,362,16,1759.58,0.04988974641675854,0.04419889502762431,1.4180939226519338,3.4276419596766337
2025-05-25,Google Ads,Video,Prospecting,North,1147.91,41752,1099,93,9987.91,0.026322092354857253,0.08462238398544131,1.0445040946314832,8.700952165239434
2025-05-25,Meta Ads,Display,Prospecting,West,556.44,27489,808,36,3510.83,0.029393575612063006,0.04455445544554455,0.6886633663366337,6.3094493566242535
2025-05-25,Meta Ads,Social,Retargeting,West,1178.32,105216,2093,119,15154.19,0.019892411800486617,0.056856187290969896,0.5629813664596273,12.860844252834545
2025-05-26,Meta Ads,Video,Retargeting,South,771.05,63746,1294,85,8725.04,0.020299312898064192,0.06568778979907264,0.5958655332302937,11.315790156280398
2025-05-26,Meta Ads,Social,Prospecting,South,1616.99,138196,2440,137,14354.44,0.017656082665200152,0.05614754098360656,0.6627008196721311,8.877259599626466
2025-05-26,Meta Ads,Display,Prospecting,South,577.78,44782,810,38,4001.84,0.018087624491983385,0.04691358024691358,0.7133086419753086,6.926234899096542
2025-05-27,Google Ads,Display,Prospecting,East,948.64,16526,622,29,2820.86,0.03763766186615031,0.04662379421221865,1.5251446945337621,2.9735832349468714
2025-05-27,Meta Ads,Display,Retargeting,West,972.53,68858,1240,127,10602.02,0.018008074588283133,0.10241935483870968,0.7842983870967741,10.901483758855768
2025-05-27,Google Ads,Search,Prospecting,East,1857.75,46738,1869,139,14826.72,0.03998887414951431,0.0743713215623328,0.9939807383627608,7.981009285425918
2025-05-27,Google Ads,Search,Retargeting,East,230.85,7276,226,32,4183.04,0.031061022539857066,0.1415929203539823,1.0214601769911504,18.120164609053496
2025-05-28,Meta Ads,Search,Prospecting,East,519.63,32740,579,45,5334.55,0.017684789248625536,0.07772020725388601,0.897461139896373,10.266054692762157
2025-05-28,Meta Ads,Social,Prospecting,North,1215.14,70429,1409,80,11447.23,0.020005963452555054,0.05677785663591199,0.8624130589070264,9.420502987310103
2025-05-28,Google Ads,Social,Existing Customers,East,1912.02,44505,1655,233,32340.07,0.03718683294011909,0.14078549848942598,1.1552990936555891,16.914085626719388
2025-05-29,Meta Ads,Social,Prospecting,North,818.22,58293,1220,73,9083.49,0.0209287564544628,0.05983606557377049,0.670672131147541,11.101525262154432
2025-05-29,Meta Ads,Social,Prospecting,West,578.72,30313,671,34,5062.18,0.02213571734899218,0.05067064083457526,0.8624739195230999,8.747200718827758
2025-05-29,LinkedIn Ads,Display,Prospecting,West,1145.05,27398,559,27,3057.79,0.02040294912037375,0.04830053667262969,2.0483899821109124,2.6704423387624994
2025-05-30,Meta Ads,Video,Existing Customers,East,1231.19,60077,1606,71,8905.26,0.026732360137823128,0.04420921544209216,0.7666189290161893,7.233050950706227
2025-05-30,Meta Ads,Search,Retargeting,South,554.08,25714,535,56,6428.44,0.020805786730963678,0.10467289719626169,1.0356635514018693,11.60200693040716
2025-05-30,Google Ads,Display,Retargeting,East,867.64,25170,730,52,7424.98,0.029002781088597537,0.07123287671232877,1.1885479452054795,8.557673689548661
2025-05-30,LinkedIn Ads,Display,Existing Customers,East,1507.82,38963,711,27,3354.72,0.0182480815132305,0.0379746835443038,2.12070323488045,2.224880953960022
2025-05-31,Meta Ads,Social,Prospecting,East,2391.98,129923,3111,170,17566.27,0.023944952010036713,0.0546448087431694,0.7688781742205079,7.343819764379301
2025-05-31,Meta Ads,Search,Existing Customers,East,1134.3,100393,1698,135,18309.3,0.016913529827776837,0.07950530035335689,0.6680212014134276,16.141496958476594
2025-05-31,Meta Ads,Display,Prospecting,North,720.37,66751,1251,36,3611.06,0.018741292265284416,0.02877697841726619,0.5758353317346123,5.012785096547607
2025-06-01,Meta Ads,Video,Retargeting,North,675.82,43407,839,45,5607.11,0.019328679706038198,0.05363528009535161,0.8055065554231228,8.296750614068834
2025-06-01,Meta Ads,Display,Retargeting,South,1005.65,55115,1168,89,10897.97,0.02119205298013245,0.0761986301369863,0.8610017123287671,10.836742405409437
2025-06-01,LinkedIn Ads,Video,Prospecting,East,649.3,18094,284,13,1450.68,0.01569581076599978,0.045774647887323945,2.2862676056338027,2.234221469274604
2025-06-02,YouTube Ads,Video,Existing Customers,South,791.83,85115,1450,34,4596.78,0.017035775127768313,0.023448275862068966,0.5460896551724138,5.805261230314587
2025-06-02,YouTube Ads,Social,Prospecting,East,351.94,63012,708,20,1764.4,0.011235955056179775,0.02824858757062147,0.497090395480226,5.013354549070865
2025-06-02,Meta Ads,Social,Existing Customers,South,1626.47,139776,2314,175,22289.4,0.016555059523809524,0.0756266205704408,0.7028824546240277,13.704156855029604
2025-06-03,Meta Ads,Social,Prospecting,West,333.61,24473,507,18,1920.06,0.020716708209046704,0.03550295857988166,0.6580078895463511,5.755403015497137
2025-06-03,LinkedIn Ads,Video,Retargeting,South,528.59,14851,259,14,2331.29,0.017439903036832537,0.05405405405405406,2.040888030888031,4.410393688870391
2025-06-03,Google Ads,Search,Existing Customers,West,745.84,17782,479,64,8142.67,0.026937352378810033,0.1336116910229645,1.5570772442588727,10.917448782580713
2025-06-03,LinkedIn Ads,Social,Prospecting,South,2553.5,61161,987,30,3127.95,0.016137734831019768,0.030395136778115502,2.587132725430598,1.2249657333072252
2025-06-04,Meta Ads,Video,Existing Customers,South,531.84,32930,674,39,3798.83,0.02046765866990586,0.057863501483679525,0.7890801186943621,7.142806107099879
2025-06-04,Google Ads,Search,Retargeting,East,454.03,10519,343,37,5124.4,0.032607662325316096,0.10787172011661808,1.3237026239067056,11.286478867035218
2025-06-04,Google Ads,Display,Lookalike,South,489.34,10453,376,18,1956.59,0.035970534774705826,0.047872340425531915,1.301436170212766,3.9984264519556953
2025-06-05,LinkedIn Ads,Social,Prospecting,North,2057.74,57325,916,46,4634.76,0.015979066724814653,0.05021834061135371,2.246441048034934,2.2523545248670875
2025-06-05,Google Ads,Video,Retargeting,South,112.51,2058,94,8,968.43,0.0456754130223518,0.0851063829787234,1.1969148936170213,8.607501555417295
2025-06-05,Google Ads,Video,Lookalike,West,364.78,8662,331,14,1773.73,0.03821288386054029,0.04229607250755287,1.1020543806646526,4.862465047425846
2025-06-06,Google Ads,Social,Retargeting,North,4131.59,110647,3349,473,59792.48,0.0302674270427576,0.14123618990743506,1.2336787100627054,14.472026507954565
2025-06-06,Google Ads,Display,Prospecting,South,1027.78,23764,846,65,7498.11,0.03560006732873253,0.0768321513002364,1.214869976359338,7.295442604448422
2025-06-06,Google Ads,Social,Prospecting,East,341.1,8801,315,15,1767.98,0.035791387342347464,0.047619047619047616,1.082857142857143,5.1831720902961
2025-06-06,LinkedIn Ads,Social,Existing Customers,East,681.18,15670,351,15,1930.66,0.022399489470325464,0.042735042735042736,1.9406837606837606,2.834287559822661
2025-06-07,Google Ads,Display,Prospecting,South,731.37,19768,621,32,3873.76,0.03141440712262242,0.05152979066022544,1.1777294685990338,5.296580390226562
2025-06-07,LinkedIn Ads,Display,Lookalike,North,1213.25,25259,522,21,2575.61,0.02066590126291619,0.040229885057471264,2.3242337164750957,2.122901298166083
2025-06-07,YouTube Ads,Search,Existing Customers,North,2314.05,357232,5399,346,50334.75,0.015113427688448963,0.06408594184108168,0.4286071494721245,21.75179879432164
2025-06-08,Meta Ads,Search,Prospecting,South,901.12,40104,1154,76,8817.18,0.028775184520247358,0.0658578856152513,0.7808665511265165,9.784690163352273
2025-06-08,Google Ads,Display,Prospecting,West,492.86,8312,367,36,3610.71,0.04415303176130895,0.09809264305177112,1.3429427792915531,7.326035791096863
2025-06-08,Meta Ads,Social,Lookalike,North,1167.58,47469,1082,51,5732.54,0.022793823337335945,0.04713493530499076,1.0790942698706099,4.909762071977937
2025-06-09,Google Ads,Social,Prospecting,West,444.62,12340,412,33,4242.75,0.033387358184764994,0.08009708737864078,1.0791747572815533,9.542418244793307
2025-06-09,Meta Ads,Search,Retargeting,East,357.6,22448,541,57,4722.02,0.02410014255167498,0.10536044362292052,0.6609981515711646,13.204753914988816
2025-06-09,YouTube Ads,Social,Lookalike,North,222.99,31610,459,25,2073.66,0.014520721290730782,0.054466230936819175,0.4858169934640523,9.299340777613345
2025-06-09,YouTube Ads,Video,Retargeting,South,253.09,20791,422,19,2499.05,0.020297243999807608,0.045023696682464455,0.599739336492891,9.87415543877672
2025-06-10,LinkedIn Ads,Search,Prospecting,North,390.88,8655,158,13,1850.71,0.01825534373194685,0.08227848101265822,2.4739240506329114,4.734726770364306
2025-06-10,Google Ads,Social,Lookalike,West,325.55,9897,322,21,1936.75,0.032535111649994945,0.06521739130434782,1.011024844720497,5.949162954999232
2025-06-10,Meta Ads,Video,Retargeting,East,858.07,60534,1226,74,8643.81,0.020253080913205802,0.06035889070146819,0.6998939641109299,10.073548778071718
2025-06-11,LinkedIn Ads,Search,Prospecting,South,321.01,12717,184,7,754.66,0.014468821262876465,0.03804347826086957,1.7446195652173913,2.350892495560886
2025-06-11,Meta Ads,Display,Retargeting,South,90.71,4482,109,6,661.83,0.02431950022311468,0.05504587155963303,0.8322018348623853,7.29610847756587
2025-06-11,Meta Ads,Search,Existing Customers,East,355.15,29398,558,46,5986.42,0.01898088305326893,0.08243727598566308,0.6364695340501791,16.856032662255387
2025-06-12,Google Ads,Video,Lookalike,North,515.11,10551,450,30,2751.85,0.04264998578333807,0.06666666666666667,1.1446888888888889,5.342256993651841
2025-06-12,Google Ads,Display,Retargeting,South,472.26,18606,516,38,3612.66,0.027732989358271527,0.07364341085271318,0.9152325581395349,7.649726845381781
2025-06-12,Meta Ads,Video,Prospecting,North,1879.52,127279,2865,94,10300.28,0.0225096048837593,0.03280977312390925,0.6560279232111693,5.480271558695837
2025-06-13,Google Ads,Search,Prospecting,East,469.79,9918,427,24,2697.2,0.04305303488606574,0.05620608899297424,1.1002107728337236,5.741288660891036
2025-06-13,Google Ads,Social,Prospecting,East,1241.01,45499,1081,74,7010.23,0.023758763928877557,0.06845513413506013,1.1480203515263645,5.648810243269595
2025-06-13,LinkedIn Ads,Display,Prospecting,South,691.42,10315,267,14,1808.99,0.025884634028114396,0.052434456928838954,2.589588014981273,2.6163402852101476
2025-06-13,YouTube Ads,Search,Existing Customers,North,681.01,67148,933,33,3830.73,0.013894680407458152,0.03536977491961415,0.729914255091104,5.625071584851911
2025-06-14,Meta Ads,Search,Prospecting,South,406.7,22246,502,36,3866.66,0.022565854535646857,0.07171314741035857,0.8101593625498008,9.507401032702237
2025-06-14,LinkedIn Ads,Search,Lookalike,West,673.76,12080,241,11,1320.97,0.019950331125827815,0.04564315352697095,2.7956846473029047,1.9605942768938496
2025-06-14,YouTube Ads,Video,Prospecting,North,425.71,34046,582,8,901.44,0.017094519179933033,0.013745704467353952,0.7314604810996563,2.117497827159334
2025-06-15,Google Ads,Display,Prospecting,North,781.8,16889,621,44,5723.28,0.03676949493753331,0.07085346215780998,1.2589371980676327,7.320644666155027
2025-06-15,Meta Ads,Social,Retargeting,North,600.35,31869,839,68,6677.49,0.026326524208478457,0.08104886769964244,0.715554231227652,11.122661780627967
2025-06-15,Meta Ads,Display,Prospecting,West,378.82,18547,448,21,1886.79,0.024154849840944626,0.046875,0.8455803571428572,4.980703236365557
2025-06-16,Google Ads,Social,Lookalike,North,1333.83,20332,977,90,9848.14,0.04805233130041314,0.09211873080859775,1.3652302968270214,7.3833547003741105
2025-06-16,LinkedIn Ads,Social,Existing Customers,East,923.83,17548,347,19,2382.05,0.019774333257351263,0.05475504322766571,2.6623342939481267,2.578450580734551
2025-06-16,Meta Ads,Social,Existing Customers,West,523.14,29266,917,84,8406.7,0.03133328777420898,0.0916030534351145,0.5704907306434024,16.069694536835264
2025-06-16,Meta Ads,Social,Prospecting,East,769.43,47268,1223,45,4050.92,0.025873741220275873,0.03679476696647588,0.6291332788225674,5.264832408406223
2025-06-17,Google Ads,Search,Lookalike,South,662.88,23806,602,50,5914.07,0.025287742585902714,0.08305647840531562,1.1011295681063122,8.921780714458121
2025-06-17,Google Ads,Video,Prospecting,North,398.28,5464,306,22,2229.92,0.05600292825768668,0.0718954248366013,1.3015686274509803,5.598875163201768
2025-06-17,YouTube Ads,Display,Existing Customers,North,732.82,93740,1268,41,3934.49,0.013526776189460209,0.032334384858044164,0.5779337539432177,5.36897191670533
2025-06-18,Google Ads,Social,Retargeting,North,467.51,7400,339,28,3706.53,0.04581081081081081,0.08259587020648967,1.3790855457227138,7.9282368291587355
2025-06-18,Google Ads,Social,Prospecting,West,378.75,7592,267,21,2176.18,0.03516859852476291,0.07865168539325842,1.4185393258426966,5.745689768976897
2025-06-18,Google Ads,Search,Prospecting,North,243.78,4131,175,17,2306.84,0.042362624061970465,0.09714285714285714,1.3930285714285715,9.462794322750021
2025-06-19,Meta Ads,Video,Prospecting,North,554.45,32672,635,25,2887.81,0.01943560235063663,0.03937007874015748,0.8731496062992127,5.208422761294976
2025-06-19,Meta Ads,Video,Prospecting,West,1011.93,67376,1659,63,7579.26,0.02462301116124436,0.0379746835443038,0.6099638336347197,7.489905428241085
2025-06-19,Meta Ads,Video,Existing Customers,South,445.66,27260,573,36,4323.18,0.021019809244314014,0.06282722513089005,0.7777661431064573,9.700623793923619
2025-06-20,Google Ads,Social,Lookalike,South,3603.07,74249,3453,305,20498.16,0.04650567684413258,0.08832898928467998,1.0434607587604983,5.6890818107891326
2025-06-20,Google Ads,Search,Existing Customers,East,1244.86,37201,1409,166,16948.74,0.0378753259320986,0.11781405251951739,0.8835060326472675,13.614976784538023
2025-06-20,LinkedIn Ads,Search,Prospecting,East,1634.18,33470,713,46,5185.91,0.021302659097699433,0.06451612903225806,2.291977559607293,3.17340195082549
2025-06-20,Meta Ads,Search,Retargeting,West,1173.78,88510,1319,79,9603.64,0.014902270929838436,0.05989385898407885,0.889901440485216,8.181805789841366
2025-06-21,Meta Ads,Search,Prospecting,South,2334.24,139034,3012,152,12583.45,0.02166376569759915,0.05046480743691899,0.7749800796812748,5.3908124271711575
2025-06-21,Meta Ads,Search,Retargeting,East,419.7,17815,422,45,5131.58,0.023687903452147066,0.1066350710900474,0.9945497630331753,12.226781034071957
2025-06-21,LinkedIn Ads,Video,Prospecting,West,132.5,2882,54,3,284.4,0.018736988202637056,0.05555555555555555,2.4537037037037037,2.1464150943396225
2025-06-22,Google Ads,Search,Prospecting,South,523.79,7402,308,40,4768.93,0.04161037557416914,0.12987012987012986,1.700616883116883,9.104660264609864
2025-06-22,Meta Ads,Search,Retargeting,South,1006.19,65930,1358,206,23618.06,0.020597603518883664,0.15169366715758467,0.7409351988217968,23.47276359335712
2025-06-22,Meta Ads,Display,Prospecting,West,772.45,48166,1069,52,6675.92,0.022194078810779387,0.04864359214218896,0.7225912067352667,8.642527024402874
2025-06-23,Google Ads,Social,Retargeting,North,837.26,20627,893,140,18788.39,0.0432927716100257,0.15677491601343785,0.9375811870100784,22.44032916895588
2025-06-23,LinkedIn Ads,Display,Lookalike,North,1651.88,48226,576,19,2341.97,0.011943764774188197,0.03298611111111111,2.867847222222222,1.4177603700026633
2025-06-23,Meta Ads,Social,Prospecting,East,897.32,55228,1351,67,8742.63,0.024462229303976245,0.049592894152479645,0.6641894892672096,9.743045959078142
2025-06-23,LinkedIn Ads,Video,Existing Customers,West,1176.59,32094,544,21,2465.18,0.016950208761762325,0.03860294117647059,2.162849264705882,2.0951903381806747
2025-06-24,YouTube Ads,Social,Retargeting,North,380.07,41954,534,21,3482.14,0.012728226152452686,0.03932584269662921,0.7117415730337079,9.161838608677348
2025-06-24,Meta Ads,Social,Lookalike,West,343.46,16942,396,22,2047.35,0.023373863770511157,0.05555555555555555,0.8673232323232323,5.960956152099226
2025-06-24,YouTube Ads,Display,Lookalike,West,1998.7,153671,2875,91,9600.54,0.01870879996876444,0.03165217391304348,0.6952,4.803392204933207
2025-06-25,Meta Ads,Social,Lookalike,West,747.45,41470,1100,58,7611.02,0.026525198938992044,0.05272727272727273,0.6795,10.182647668740383
2025-06-25,YouTube Ads,Social,Lookalike,South,466.84,55398,811,26,3342.27,0.014639517672118126,0.032059186189889025,0.5756350184956843,7.159347956473311
2025-06-25,Google Ads,Social,Existing Customers,South,467.39,10006,410,44,5881.69,0.04097541475114931,0.1073170731707317,1.1399756097560976,12.58411604869595
2025-06-26,Meta Ads,Search,Retargeting,East,459.05,21889,563,61,7756.5,0.02572068162090548,0.108348134991119,0.8153641207815275,16.89685219475003
2025-06-26,Meta Ads,Display,Prospecting,North,441.53,22072,478,27,2092.39,0.02165639724537876,0.056485355648535567,0.9237029288702928,4.738953185514008
2025-06-26,Google Ads,Search,Prospecting,West,304.0,8060,249,20,2872.15,0.03089330024813896,0.08032128514056225,1.2208835341365463,9.447861842105263
2025-06-26,Meta Ads,Search,Retargeting,East,263.96,13607,267,30,3339.9,0.019622253252002647,0.11235955056179775,0.9886142322097378,12.653053492953479
2025-06-27,YouTube Ads,Search,Prospecting,South,616.67,52804,921,26,3573.08,0.01744186046511628,0.02823018458197611,0.6695656894679696,5.794152464040735
2025-06-27,Meta Ads,Display,Prospecting,East,476.12,31465,687,30,2351.9,0.02183378356904497,0.043668122270742356,0.6930422125181951,4.939721078719651
2025-06-27,Google Ads,Social,Prospecting,East,1437.61,37768,1095,67,8014.42,0.028992798135988138,0.06118721461187215,1.3128858447488583,5.574822100569696
2025-06-28,Google Ads,Display,Retargeting,East,846.9,21707,561,81,8493.41,0.02584419772423642,0.1443850267379679,1.5096256684491978,10.02882276537962
2025-06-28,Google Ads,Video,Prospecting,West,831.75,12914,525,29,3633.65,0.04065355428217438,0.05523809523809524,1.5842857142857143,4.36868049293658
2025-06-28,Google Ads,Search,Retargeting,West,431.84,9805,311,42,5069.71,0.03171851096379398,0.13504823151125403,1.3885530546623794,11.73978788440163
2025-06-29,YouTube Ads,Display,Lookalike,West,647.04,69790,1111,36,4377.2,0.015919186129818026,0.032403240324032405,0.5823942394239424,6.764960435212661
2025-06-29,Meta Ads,Social,Lookalike,East,885.13,46291,1273,77,7387.31,0.027499945993821693,0.060487038491751764,0.6953102906520031,8.346016969258754
2025-06-29,Google Ads,Search,Prospecting,East,1115.0,31967,884,67,7636.3,0.027653517690117934,0.0757918552036199,1.26131221719457,6.848699551569507
2025-06-30,Meta Ads,Display,Retargeting,South,658.56,32078,700,35,3911.49,0.021821809339734398,0.05,0.9408,5.939458819241983
2025-06-30,Google Ads,Video,Retargeting,North,1411.64,33735,1145,87,10780.66,0.033941010819623536,0.07598253275109171,1.232873362445415,7.6369754328298995
2025-06-30,Google Ads,Search,Retargeting,South,703.64,15183,569,66,8765.28,0.03747612461305407,0.11599297012302284,1.2366256590509666,12.457051901540561
2025-06-30,LinkedIn Ads,Social,Lookalike,West,1171.96,21513,484,30,3531.26,0.022498024450332357,0.06198347107438017,2.421404958677686,3.013123314788901
2025-07-01,Meta Ads,Search,Prospecting,North,509.12,43019,745,42,3865.21,0.017317929287059206,0.056375838926174496,0.6833825503355705,7.591942960402263
2025-07-01,YouTube Ads,Social,Existing Customers,East,215.49,22924,381,22,2778.41,0.016620136101901935,0.05774278215223097,0.5655905511811024,12.893452132349529
2025-07-01,Meta Ads,Social,Prospecting,North,833.4,42773,1133,64,10367.96,0.02648867276085381,0.05648720211827008,0.7355692850838482,12.440556755459562
2025-07-02,Meta Ads,Social,Lookalike,South,1121.63,55607,1183,51,7376.03,0.021274299998201664,0.04311073541842773,0.9481234150464921,6.576170394871748
2025-07-02,LinkedIn Ads,Social,Retargeting,North,1017.45,25114,441,29,1782.36,0.017559926734092537,0.06575963718820861,2.3071428571428574,1.7517912428129145
2025-07-02,YouTube Ads,Search,Prospecting,East,921.04,97382,1575,44,5110.17,0.016173420139245446,0.027936507936507936,0.5847873015873015,5.548260661860506
2025-07-03,LinkedIn Ads,Display,Lookalike,West,558.08,13941,267,14,1844.89,0.019152141166343877,0.052434456928838954,2.0901872659176033,3.305780533256881
2025-07-03,YouTube Ads,Display,Prospecting,West,414.34,38241,637,11,1228.9,0.0166575141863445,0.01726844583987441,0.6504552590266875,2.965921706810832
2025-07-03,LinkedIn Ads,Display,Lookalike,East,1001.95,16823,335,10,1067.18,0.019913214052190452,0.029850746268656716,2.99089552238806,1.065103049054344
2025-07-03,YouTube Ads,Search,Retargeting,North,923.59,97695,1228,60,6611.68,0.012569732330211372,0.048859934853420196,0.7521091205211726,7.158674303532953
2025-07-04,Google Ads,Social,Prospecting,East,486.14,9778,409,27,3373.36,0.04182859480466353,0.06601466992665037,1.188606356968215,6.9390710494919166
2025-07-04,LinkedIn Ads,Social,Prospecting,North,1439.72,24632,547,26,2452.52,0.02220688535238714,0.04753199268738574,2.6320292504570384,1.7034701191898425
2025-07-04,Meta Ads,Search,Lookalike,South,394.34,24660,561,34,4637.48,0.022749391727493917,0.06060606060606061,0.7029233511586452,11.760105492722015
2025-07-05,Meta Ads,Search,Prospecting,East,479.04,36343,611,34,3875.73,0.016812040833172826,0.05564648117839607,0.7840261865793781,8.09061873747495
2025-07-05,Meta Ads,Social,Existing Customers,East,2027.9,124314,2679,220,23325.09,0.02155026787007095,0.08212019410227697,0.7569615528182158,11.502090832881306
2025-07-05,YouTube Ads,Display,Lookalike,North,1231.09,135379,2103,77,10413.35,0.015534167042155727,0.03661436043747028,0.585397051830718,8.45864234133979
2025-07-06,YouTube Ads,Search,Lookalike,West,554.67,76594,935,22,1918.13,0.012207222497845784,0.023529411764705882,0.5932299465240641,3.458146285178575
2025-07-06,Google Ads,Display,Prospecting,South,843.77,20821,683,57,5985.35,0.03280341962441766,0.08345534407027819,1.2353879941434847,7.093580004029534
2025-07-06,LinkedIn Ads,Social,Lookalike,West,774.1,24200,338,22,2303.62,0.01396694214876033,0.0650887573964497,2.2902366863905326,2.975868750807389
2025-07-07,LinkedIn Ads,Display,Existing Customers,East,117.5,2540,51,1,165.88,0.020078740157480315,0.0196078431372549,2.303921568627451,1.4117446808510639
2025-07-07,Google Ads,Social,Prospecting,East,388.34,7127,257,12,1232.04,0.03606005331836677,0.04669260700389105,1.5110505836575874,3.1725807282278415
2025-07-07,Google Ads,Social,Prospecting,East,677.24,14677,382,16,1219.37,0.02602711725829529,0.041884816753926704,1.7728795811518325,1.8004990845195201
2025-07-07,Google Ads,Social,Prospecting,West,555.17,15690,585,58,6062.59,0.0372848948374761,0.09914529914529914,0.949008547008547,10.920240647009026
2025-07-08,LinkedIn Ads,Video,Prospecting,North,821.96,23516,419,10,1232.0,0.017817656063956456,0.02386634844868735,1.9617183770883055,1.498856392038542
2025-07-08,Meta Ads,Social,Lookalike,East,1458.62,97792,2361,157,20270.82,0.024143079188481676,0.06649724692926726,0.6177975434138077,13.897259053077567
2025-07-08,YouTube Ads,Social,Retargeting,North,567.98,71248,996,48,7486.93,0.013979339770940938,0.04819277108433735,0.5702610441767069,13.181678932356773
2025-07-09,Meta Ads,Social,Retargeting,South,351.99,22264,424,40,5612.97,0.019044196909809557,0.09433962264150944,0.8301650943396227,15.946390522458024
2025-07-09,YouTube Ads,Display,Prospecting,West,864.57,103855,1356,31,3669.86,0.013056665543305571,0.022861356932153392,0.6375884955752212,4.244722810183097
2025-07-09,Meta Ads,Search,Prospecting,West,566.1,38310,765,59,5838.32,0.019968676585747847,0.07712418300653595,0.74,10.313230877936759
2025-07-10,LinkedIn Ads,Social,Prospecting,South,632.47,13399,242,8,1153.86,0.018061049332039704,0.03305785123966942,2.613512396694215,1.8243711164165888
2025-07-10,Google Ads,Social,Existing Customers,South,579.07,15663,563,103,12054.62,0.03594458277469195,0.18294849023090587,1.02854351687389,20.81720690072012
2025-07-10,Meta Ads,Video,Retargeting,East,3005.73,204210,4341,440,45387.39,0.021257529014250036,0.101359133840129,0.6924049758120249,15.10028844906229
2025-07-10,LinkedIn Ads,Social,Prospecting,South,163.14,4077,68,2,214.99,0.016678930586215356,0.029411764705882353,2.3991176470588234,1.3178251808262844
2025-07-11,YouTube Ads,Social,Lookalike,North,543.84,85792,1208,49,4530.48,0.014080566952629615,0.04056291390728477,0.4501986754966888,8.330538393645188
2025-07-11,LinkedIn Ads,Video,Prospecting,South,698.32,12381,350,12,1279.56,0.0282691220418383,0.03428571428571429,1.9952,1.8323404742811316
2025-07-11,Google Ads,Social,Prospecting,South,421.3,14377,438,42,4653.77,0.030465326563260765,0.0958904109589041,0.9618721461187215,11.04621409921671
2025-07-12,Meta Ads,Search,Prospecting,East,1256.35,77597,1544,93,11918.12,0.019897676456564043,0.06023316062176166,0.8136981865284973,9.486305567716004
2025-07-12,Google Ads,Search,Existing Customers,West,1187.61,15682,993,83,9682.41,0.06332100497385537,0.08358509566968782,1.1959818731117824,8.15285320938692
2025-07-12,Google Ads,Search,Lookalike,East,678.61,14170,535,92,8481.09,0.037755822159491886,0.17196261682242991,1.2684299065420561,12.497738023312358
2025-07-13,Meta Ads,Search,Retargeting,South,587.07,63749,1094,128,11024.91,0.017161053506721674,0.1170018281535649,0.5366270566727606,18.77954928713782
2025-07-13,LinkedIn Ads,Social,Prospecting,East,650.87,16421,344,15,1781.58,0.020948785092259913,0.0436046511627907,1.892063953488372,2.7372286324458033
2025-07-13,LinkedIn Ads,Display,Prospecting,West,653.91,16034,245,8,930.46,0.015280029936385182,0.0326530612244898,2.669020408163265,1.4229175268767875
2025-07-13,YouTube Ads,Display,Retargeting,South,665.23,101264,1789,72,7561.61,0.017666693000474007,0.04024594745667971,0.3718446059250978,11.366910692542428
2025-07-14,LinkedIn Ads,Search,Prospecting,South,619.48,12234,212,4,426.34,0.01732875592610757,0.018867924528301886,2.9220754716981134,0.688222380060696
2025-07-14,LinkedIn Ads,Social,Existing Customers,North,824.83,27661,460,33,4347.82,0.016629912150681464,0.07173913043478261,1.793108695652174,5.271171029181771
2025-07-14,Google Ads,Search,Lookalike,West,1142.15,18563,868,67,9382.0,0.046759683240855464,0.0771889400921659,1.3158410138248848,8.214332618307576
2025-07-15,Google Ads,Video,Retargeting,West,314.63,8128,315,33,3331.59,0.03875492125984252,0.10476190476190476,0.9988253968253968,10.588913962432065
2025-07-15,Meta Ads,Search,Lookalike,North,353.59,15833,415,19,2215.4,0.02621107812796059,0.04578313253012048,0.8520240963855421,6.265448683503493
2025-07-15,YouTube Ads,Social,Existing Customers,South,224.65,14302,232,7,999.8,0.016221507481471123,0.03017241379310345,0.9683189655172414,4.450478522145559
2025-07-16,Google Ads,Social,Retargeting,South,1229.35,47603,1538,152,15356.55,0.03230888809528811,0.0988296488946684,0.7993172951885565,12.491601252694513
2025-07-16,Meta Ads,Social,Retargeting,West,823.69,41695,1024,68,7800.87,0.02455929967622017,0.06640625,0.804384765625,9.470638225546018
2025-07-16,Meta Ads,Social,Existing Customers,North,972.14,65924,1803,153,18889.59,0.027349675383775255,0.08485856905158069,0.5391791458679978,19.430935873433867
2025-07-17,Google Ads,Display,Prospecting,North,276.42,6247,224,15,1370.95,0.03585721146150152,0.06696428571428571,1.2340178571428573,4.9596628319224365
2025-07-17,Meta Ads,Search,Existing Customers,South,2233.44,105366,3206,213,27152.31,0.030427272554714044,0.06643792888334372,0.6966437928883344,12.157170105308403
2025-07-17,YouTube Ads,Video,Prospecting,East,471.22,45534,796,11,1271.25,0.0174814424386173,0.013819095477386936,0.5919849246231156,2.697784474343194
2025-07-17,Meta Ads,Social,Retargeting,North,780.87,54910,1255,77,9624.35,0.022855581861227464,0.06135458167330677,0.622207171314741,12.325162959263386
2025-07-18,Google Ads,Display,Lookalike,East,1219.79,25559,936,93,8708.15,0.036621151062248135,0.09935897435897435,1.3031944444444443,7.139056722878528
2025-07-18,YouTube Ads,Display,Retargeting,East,368.54,52097,801,54,6219.69,0.015375165556557959,0.06741573033707865,0.46009987515605494,16.876566994084765
2025-07-18,Google Ads,Video,Retargeting,West,490.77,12526,350,33,4615.75,0.027941880887753474,0.09428571428571429,1.4022,9.405118487275098
2025-07-19,YouTube Ads,Search,Retargeting,North,786.46,98111,1448,68,10362.86,0.014758793611317792,0.04696132596685083,0.5431353591160222,13.176588764845002
2025-07-19,Google Ads,Search,Prospecting,North,4484.75,134014,4881,387,53422.38,0.036421567895891474,0.07928703134603565,0.9188178651915591,11.91200847315904
2025-07-19,Meta Ads,Search,Prospecting,North,851.34,44874,916,83,7786.46,0.020412711146766502,0.0906113537117904,0.929410480349345,9.146122583221745
2025-07-20,Meta Ads,Search,Prospecting,West,1988.66,119425,2792,138,16990.41,0.02337868955411346,0.0494269340974212,0.7122707736389685,8.543647481218509
2025-07-20,Google Ads,Social,Retargeting,East,1532.67,27950,982,112,11905.98,0.03513416815742397,0.11405295315682282,1.5607637474541751,7.768130125858795
2025-07-20,YouTube Ads,Video,Retargeting,East,889.17,73138,1261,64,7687.05,0.017241379310344827,0.05075337034099921,0.7051308485329103,8.645197206383482
2025-07-20,Google Ads,Video,Prospecting,West,368.01,9230,364,24,2426.4,0.03943661971830986,0.06593406593406594,1.0110164835164834,6.593299095133285
2025-07-21,Google Ads,Social,Existing Customers,East,1393.98,34074,1229,98,8907.23,0.036068556670775374,0.07973962571196094,1.134239218877136,6.389783210662993
2025-07-21,Google Ads,Social,Prospecting,North,264.36,8222,225,24,2611.17,0.027365604475796643,0.10666666666666667,1.1749333333333334,9.877326373127554
2025-07-21,LinkedIn Ads,Video,Retargeting,East,1981.58,26040,647,23,2944.16,0.024846390168970812,0.03554868624420402,3.0627202472952084,1.4857638853843902
2025-07-22,LinkedIn Ads,Video,Retargeting,East,797.18,17668,310,11,1322.02,0.01754584559655875,0.035483870967741936,2.571548387096774,1.6583707569181365
2025-07-22,YouTube Ads,Search,Prospecting,North,125.02,14205,210,9,1100.28,0.014783526927138331,0.04285714285714286,0.5953333333333333,8.800831866901296
2025-07-22,Google Ads,Social,Lookalike,East,561.02,15316,504,30,3566.83,0.03290676416819013,0.05952380952380952,1.1131349206349206,6.3577590816726675
2025-07-23,Meta Ads,Display,Retargeting,South,1070.78,74398,1499,135,16508.0,0.020148391085781876,0.09006004002668445,0.7143295530353568,15.416798968975888
2025-07-23,Google Ads,Social,Prospecting,North,600.05,9153,423,29,3611.41,0.046214355948869225,0.06855791962174941,1.4185579196217493,6.0185151237396886
2025-07-23,Meta Ads,Social,Existing Customers,South,1114.14,54756,1546,143,16997.01,0.02823434874716926,0.09249676584734799,0.7206597671410091,15.255721902094887
2025-07-24,YouTube Ads,Video,Lookalike,South,402.85,45541,740,17,1980.36,0.016249094222788255,0.022972972972972974,0.544391891891892,4.91587439493608
2025-07-24,LinkedIn Ads,Video,Lookalike,South,299.52,7760,137,3,439.14,0.01765463917525773,0.021897810218978103,2.1862773722627735,1.4661458333333335
2025-07-24,Meta Ads,Video,Existing Customers,South,668.24,41230,1014,67,8506.39,0.024593742420567548,0.06607495069033531,0.6590138067061144,12.72954327786424
2025-07-24,Meta Ads,Display,Existing Customers,East,714.51,55710,1242,118,14753.24,0.022294022617124393,0.09500805152979067,0.5752898550724638,20.648052511511384
2025-07-25,YouTube Ads,Search,Prospecting,South,558.15,74853,1085,25,2921.3,0.014495077017621203,0.02304147465437788,0.5144239631336406,5.233897697751501
2025-07-25,Meta Ads,Social,Retargeting,South,1554.36,72667,1699,141,15661.95,0.02338062669437296,0.08298999411418481,0.9148675691583283,10.076140662394813
2025-07-25,Google Ads,Social,Retargeting,West,402.8,11198,362,65,6965.63,0.03232720128594392,0.17955801104972377,1.112707182320442,17.293023833167826
2025-07-26,Meta Ads,Social,Prospecting,North,858.03,46260,1065,40,4750.25,0.023022049286640728,0.03755868544600939,0.8056619718309859,5.536228337004534
2025-07-26,Google Ads,Social,Prospecting,South,731.62,26053,946,70,7412.8,0.03631059762791233,0.07399577167019028,0.7733826638477801,10.132035756266914
2025-07-26,Google Ads,Social,Prospecting,North,254.48,5178,202,17,1910.47,0.03901120123599845,0.08415841584158416,1.2598019801980198,7.50734831813895
2025-07-27,Google Ads,Social,Lookalike,West,296.99,8464,265,33,3325.43,0.03130907372400756,0.12452830188679245,1.1207169811320754,11.19711101383885
2025-07-27,Meta Ads,Display,Lookalike,North,705.44,42320,1058,69,8069.15,0.025,0.06521739130434782,0.6667674858223063,11.438463937400769
2025-07-27,Meta Ads,Social,Lookalike,West,2537.31,183161,3423,205,25730.68,0.018688476258592168,0.05988898626935437,0.7412532865907099,10.140928778903643
2025-07-27,Google Ads,Social,Prospecting,North,1020.05,30406,960,104,11563.3,0.03157271591133329,0.10833333333333334,1.0625520833333333,11.33601294054213
2025-07-28,Meta Ads,Search,Prospecting,South,228.02,22248,445,21,1655.83,0.020001797914419275,0.04719101123595506,0.5124044943820225,7.261775282869923
2025-07-28,YouTube Ads,Search,Retargeting,East,92.69,11158,138,6,753.76,0.012367807850869331,0.043478260869565216,0.6716666666666666,8.132053080159672
2025-07-28,LinkedIn Ads,Video,Retargeting,West,1127.28,20916,452,14,1640.29,0.021610250525913175,0.030973451327433628,2.4939823008849555,1.45508658008658
2025-07-29,Meta Ads,Social,Existing Customers,North,657.56,51952,960,60,6293.49,0.018478595626732368,0.0625,0.6849583333333332,9.57097451183162
2025-07-29,Google Ads,Search,Existing Customers,North,1469.83,48343,1492,188,26175.69,0.03086279295864965,0.1260053619302949,0.9851407506702412,17.80865134063123
2025-07-29,YouTube Ads,Display,Existing Customers,West,394.89,45790,861,36,3492.53,0.018803232146756933,0.041811846689895474,0.45864111498257837,8.844311073969967
2025-07-30,Google Ads,Social,Existing Customers,South,878.94,23335,737,78,11272.77,0.0315834583244054,0.10583446404341927,1.1925915875169608,12.825414704075364
2025-07-30,Google Ads,Search,Existing Customers,North,1213.29,24088,815,109,13416.24,0.03383427432746596,0.13374233128834356,1.4886993865030675,11.057735578468462
2025-07-30,YouTube Ads,Social,Retargeting,East,523.34,69829,873,34,2521.45,0.012501969095934354,0.038946162657502864,0.5994730813287514,4.817995949096189
2025-07-30,Meta Ads,Search,Prospecting,North,530.66,35996,920,79,9338.58,0.02555839537726414,0.08586956521739131,0.5768043478260869,17.598047714167265
2025-07-31,LinkedIn Ads,Display,Prospecting,West,711.59,13643,286,8,861.51,0.020963131276112292,0.027972027972027972,2.4880769230769233,1.2106831180876627
2025-07-31,Meta Ads,Search,Prospecting,West,996.07,55512,1395,105,11022.55,0.02512970168612192,0.07526881720430108,0.7140286738351255,11.066039535374019
2025-07-31,Meta Ads,Search,Prospecting,West,693.51,34619,839,48,4882.6,0.024235246540916838,0.057210965435041714,0.826591179976162,7.040417585903593
2025-08-01,Google Ads,Search,Prospecting,South,1318.41,29323,1040,90,10143.91,0.03546703952528732,0.08653846153846154,1.267701923076923,7.694048133736849
2025-08-01,Google Ads,Social,Existing Customers,North,518.44,22828,727,69,7918.99,0.031846854739793234,0.09491059147180192,0.7131224209078405,15.274650875704033
2025-08-01,Google Ads,Search,Prospecting,South,295.19,7775,235,21,1713.17,0.03022508038585209,0.08936170212765958,1.2561276595744681,5.803618008740134
2025-08-02,Google Ads,Display,Existing Customers,South,2530.35,58531,2584,249,37083.32,0.04414754574498984,0.09636222910216719,0.9792376160990711,14.655411306736223
2025-08-02,YouTube Ads,Search,Lookalike,West,472.51,59429,1023,32,3539.25,0.017213818169580508,0.03128054740957967,0.46188660801564024,7.490317665234598
2025-08-02,Google Ads,Social,Retargeting,East,483.76,14048,434,76,7738.71,0.030894077448747153,0.17511520737327188,1.1146543778801843,15.997002645940135
2025-08-03,Meta Ads,Social,Lookalike,West,670.69,39353,872,46,4355.67,0.022158412319264097,0.052752293577981654,0.7691399082568808,6.494311828117311
2025-08-03,LinkedIn Ads,Social,Prospecting,West,731.24,23221,396,21,2706.34,0.01705352913311227,0.05303030303030303,1.8465656565656565,3.701028390131831
2025-08-03,LinkedIn Ads,Search,Retargeting,East,544.43,13817,203,21,1924.19,0.014692046030252587,0.10344827586206896,2.6819211822660094,3.5343202982936286
2025-08-03,Meta Ads,Display,Prospecting,North,692.11,37464,851,22,2583.06,0.022715139867606236,0.025851938895417155,0.8132902467685077,3.7321524035196716
2025-08-04,Meta Ads,Video,Existing Customers,North,682.14,46045,940,44,4965.57,0.020414811597350417,0.04680851063829787,0.7256808510638297,7.279400123141877
2025-08-04,YouTube Ads,Search,Prospecting,North,784.24,122897,1553,76,8021.23,0.012636598126886743,0.0489375402446877,0.5049839021249195,10.22802968479037
2025-08-04,Meta Ads,Search,Prospecting,East,151.22,14593,246,12,1141.63,0.016857397382306585,0.04878048780487805,0.6147154471544716,7.549464356566593
2025-08-05,LinkedIn Ads,Video,Lookalike,North,2377.13,61911,841,36,3738.03,0.013584015764565263,0.04280618311533888,2.826551724137931,1.572497086823186
2025-08-05,YouTube Ads,Social,Lookalike,West,636.09,99573,1397,56,6448.88,0.014029907705904211,0.04008589835361489,0.45532569792412314,10.138313760631357
2025-08-05,LinkedIn Ads,Search,Retargeting,North,1020.95,20252,359,29,3457.83,0.017726644282046216,0.0807799442896936,2.843871866295265,3.386874969391253
2025-08-06,Google Ads,Search,Retargeting,West,285.81,8529,255,44,4437.81,0.02989799507562434,0.17254901960784313,1.1208235294117648,15.527133410307549
2025-08-06,Meta Ads,Display,Prospecting,East,515.39,29393,727,35,3967.71,0.024733780151736807,0.048143053645116916,0.7089270976616231,7.698461359358932
2025-08-06,Google Ads,Display,Lookalike,North,452.18,14947,517,32,4191.75,0.034588880711848534,0.061895551257253385,0.8746228239845262,9.270091556459816
2025-08-06,Meta Ads,Social,Prospecting,North,1819.65,105993,2587,141,11995.25,0.0244072721783514,0.05450328565906455,0.703382296095864,6.592064407990548
2025-08-07,YouTube Ads,Video,Prospecting,South,478.33,51536,748,27,3101.95,0.014514126047811238,0.03609625668449198,0.6394786096256684,6.484958083331591
2025-08-07,Meta Ads,Social,Prospecting,South,1145.77,103227,1971,97,9494.93,0.019093841727455027,0.049213597158802636,0.5813140537798072,8.28694240554387
2025-08-07,Meta Ads,Social,Prospecting,South,458.66,26184,588,45,4322.33,0.022456461961503207,0.07653061224489796,0.7800340136054422,9.42382156717394
2025-08-08,Google Ads,Social,Prospecting,East,521.59,16030,447,32,3830.34,0.02788521522145976,0.07158836689038031,1.166868008948546,7.343584041105083
2025-08-08,YouTube Ads,Social,Retargeting,North,596.73,68967,1140,43,4522.98,0.016529644612640827,0.037719298245614034,0.5234473684210527,7.579608868332411
2025-08-08,Google Ads,Search,Prospecting,North,1612.56,41364,1223,152,14150.83,0.029566773039357896,0.12428454619787407,1.3185282093213408,8.775382001289875
2025-08-09,Google Ads,Search,Prospecting,East,204.93,6127,253,32,4442.79,0.04129263913824058,0.12648221343873517,0.81,21.67954911433172
2025-08-09,Google Ads,Social,Retargeting,West,297.64,7440,245,23,3025.92,0.03293010752688172,0.09387755102040816,1.2148571428571429,10.166375487165704
2025-08-09,Google Ads,Display,Prospecting,South,197.42,3115,132,8,641.75,0.04237560192616372,0.06060606060606061,1.4956060606060606,3.250683821294702
2025-08-10,Meta Ads,Search,Lookalike,West,345.23,21196,381,24,2123.05,0.017975089639554635,0.06299212598425197,0.9061154855643045,6.149668337050662
2025-08-10,Meta Ads,Social,Existing Customers,South,413.04,27679,539,43,5836.68,0.01947324686585498,0.07977736549165121,0.7663079777365492,14.131028471818711
2025-08-10,Google Ads,Social,Retargeting,South,245.1,5976,224,23,2527.06,0.03748326639892905,0.10267857142857142,1.0941964285714285,10.31032231742146
2025-08-10,Google Ads,Social,Existing Customers,North,434.36,9674,418,53,8128.67,0.043208600372131485,0.12679425837320574,1.0391387559808614,18.71413113546367
2025-08-11,Google Ads,Display,Prospecting,South,188.96,3641,172,13,1639.22,0.04723976929414996,0.0755813953488372,1.0986046511627907,8.674957662997459
2025-08-11,Meta Ads,Display,Prospecting,South,361.18,20754,460,24,2889.37,0.022164402042979668,0.05217391304347826,0.7851739130434783,7.9998061908189815
2025-08-11,Google Ads,Display,Lookalike,East,1527.45,31012,1511,138,13331.69,0.048723074938733395,0.09133024487094639,1.0108868299139644,8.728069658581296
2025-08-12,Meta Ads,Search,Lookalike,North,909.97,53634,1120,80,9907.67,0.020882276168102322,0.07142857142857142,0.8124732142857143,10.88790839258437
2025-08-12,Google Ads,Social,Lookalike,North,790.71,11464,489,33,3037.2,0.042655268667131895,0.06748466257668712,1.616993865030675,3.8411048298364756
2025-08-12,Google Ads,Social,Prospecting,South,364.77,10833,320,34,4708.81,0.02953937044216745,0.10625,1.13990625,12.908983743180636
2025-08-13,Meta Ads,Search,Lookalike,North,257.91,18712,444,49,6007.33,0.023728088926891835,0.11036036036036036,0.5808783783783784,23.292350044589195
2025-08-13,Meta Ads,Search,Prospecting,North,333.83,39838,575,35,3505.36,0.014433455494753753,0.06086956521739131,0.5805739130434783,10.500434352814308
2025-08-13,Google Ads,Search,Prospecting,East,680.61,18286,523,58,7510.08,0.02860111560756863,0.11089866156787763,1.301357552581262,11.034336844889143
2025-08-13,Google Ads,Social,Prospecting,West,1230.77,28397,1081,85,13204.53,0.038067401486072475,0.0786308973172988,1.1385476410730804,10.728673919578801
2025-08-14,YouTube Ads,Social,Existing Customers,East,1258.43,159238,1886,128,15356.1,0.0118439066052073,0.06786850477200425,0.6672481442205727,12.20258576162361
2025-08-14,Google Ads,Search,Prospecting,North,1054.66,26431,999,90,11241.67,0.03779652680564489,0.09009009009009009,1.0557157157157158,10.659046517361045
2025-08-14,Meta Ads,Display,Lookalike,West,433.4,20348,527,29,3109.59,0.025899351287595834,0.05502846299810247,0.8223908918406072,7.174873096446701
2025-08-15,Meta Ads,Video,Retargeting,East,711.26,50394,1013,95,11070.95,0.020101599396753583,0.09378084896347483,0.70213228035538,15.565264460253635
2025-08-15,Google Ads,Search,Lookalike,East,568.05,18879,555,74,6502.36,0.029397743524551087,0.13333333333333333,1.0235135135135134,11.446809259748262
2025-08-15,Meta Ads,Video,Lookalike,North,614.19,45049,910,41,4714.61,0.020200226420120312,0.045054945054945054,0.674934065934066,7.676142561747992
2025-08-16,LinkedIn Ads,Search,Existing Customers,East,2631.25,87786,1328,82,10253.87,0.015127696899277789,0.061746987951807226,1.9813629518072289,3.8969577197149645
2025-08-16,LinkedIn Ads,Video,Prospecting,North,222.69,3791,67,0,0.0,0.01767343708783962,0.0,3.323731343283582,0.0
2025-08-16,Google Ads,Video,Prospecting,East,600.97,14895,531,33,2728.77,0.03564954682779456,0.062146892655367235,1.1317702448210922,4.540609348220377
2025-08-16,Google Ads,Search,Retargeting,North,1538.74,36439,1207,172,18910.38,0.03312385081917726,0.14250207125103562,1.2748467274233637,12.28952259641005
2025-08-17,Google Ads,Display,Prospecting,West,269.95,5411,256,18,2487.35,0.047311033080761414,0.0703125,1.0544921875,9.214113724763845
2025-08-17,Meta Ads,Video,Prospecting,North,460.65,39166,757,21,2323.61,0.01932798856150743,0.02774108322324967,0.6085204755614266,5.044198415282753
2025-08-17,Meta Ads,Video,Prospecting,East,496.31,25335,716,19,2126.4,0.028261298598776397,0.02653631284916201,0.6931703910614525,4.284419012310854
2025-08-18,Google Ads,Video,Prospecting,North,605.43,15197,441,24,2400.03,0.029018885306310457,0.05442176870748299,1.3728571428571428,3.964174223279323
2025-08-18,Google Ads,Social,Prospecting,East,248.07,6599,234,17,1669.62,0.03545991816941961,0.07264957264957266,1.060128205128205,6.730438988995042
2025-08-18,YouTube Ads,Search,Prospecting,South,1030.72,110075,2043,73,5995.83,0.018560072677719735,0.03573176700930005,0.5045129711209007,5.817127832971127
2025-08-19,Google Ads,Display,Existing Customers,West,1079.41,21349,916,58,6494.15,0.042905990912923325,0.06331877729257641,1.1783951965065502,6.016388582651633
2025-08-19,Meta Ads,Social,Prospecting,East,974.11,61234,1249,71,6900.6,0.02039716497370742,0.05684547638110488,0.779911929543635,7.08400488651179
2025-08-19,LinkedIn Ads,Social,Existing Customers,South,397.56,6385,127,7,885.46,0.019890368050117464,0.05511811023622047,3.1303937007874016,2.2272361404567866
2025-08-20,Google Ads,Social,Existing Customers,North,740.49,16103,608,71,7731.03,0.037756939700676895,0.11677631578947369,1.2179111842105264,10.440424583721589
2025-08-20,Google Ads,Social,Prospecting,East,390.12,9635,306,23,2446.45,0.031759211209133366,0.07516339869281045,1.2749019607843137,6.2710191735876135
2025-08-20,Google Ads,Search,Lookalike,South,563.91,11175,437,36,3846.97,0.039105145413870245,0.08237986270022883,1.290411899313501,6.821957404550371
2025-08-20,YouTube Ads,Display,Retargeting,North,2837.94,280534,5884,262,29902.85,0.02097428475692786,0.04452753229095853,0.48231475186947653,10.536815436549045
2025-08-21,Google Ads,Search,Lookalike,East,744.92,19842,756,81,8544.41,0.03810099788327789,0.10714285714285714,0.9853439153439153,11.470238414863342
2025-08-21,Google Ads,Display,Prospecting,North,323.5,8644,335,22,2109.53,0.03875520592318371,0.06567164179104477,0.9656716417910448,6.52095826893354
2025-08-21,Google Ads,Display,Prospecting,North,787.06,21442,847,50,5827.19,0.03950191213506203,0.0590318772136954,0.9292325855962219,7.403743043732371
2025-08-22,Google Ads,Social,Prospecting,North,290.74,8288,223,28,3758.01,0.026906370656370655,0.12556053811659193,1.3037668161434979,12.925672422095344
2025-08-22,Meta Ads,Social,Retargeting,South,321.09,17824,426,35,4105.93,0.02390035906642729,0.08215962441314555,0.7537323943661971,12.787473916970322
2025-08-22,Google Ads,Social,Existing Customers,North,355.79,10464,305,35,3932.08,0.029147553516819573,0.11475409836065574,1.1665245901639345,11.051687793361252
2025-08-23,Meta Ads,Video,Lookalike,North,524.41,55753,1103,30,3383.5,0.019783688770111024,0.027198549410698096,0.47543970988213957,6.4520127381247505
2025-08-23,Meta Ads,Display,Lookalike,South,1287.05,39642,1287,57,4451.05,0.03246556682306644,0.04428904428904429,1.00003885003885,3.4583349520220663
2025-08-23,LinkedIn Ads,Social,Existing Customers,North,1019.47,28492,490,40,4859.6,0.017197809911554122,0.08163265306122448,2.0805510204081634,4.766790587265932
2025-08-23,Google Ads,Search,Lookalike,North,983.41,20108,616,46,4958.51,0.030634573304157548,0.07467532467532467,1.5964448051948052,5.042159424858402
2025-08-24,YouTube Ads,Search,Prospecting,South,342.67,40361,745,20,1963.95,0.018458412824261045,0.026845637583892617,0.4599597315436242,5.731315843231097
2025-08-24,Meta Ads,Social,Existing Customers,North,492.37,41995,779,56,6136.44,0.018549827360400048,0.07188703465982028,0.6320539152759949,12.463066393159615
2025-08-24,Google Ads,Video,Prospecting,West,835.38,31990,1033,53,5703.64,0.03229134104407627,0.051306873184898356,0.8086931268151016,6.82759941583471
2025-08-25,LinkedIn Ads,Display,Prospecting,South,465.3,8120,183,6,797.19,0.022536945812807883,0.03278688524590164,2.542622950819672,1.7132817537072857
2025-08-25,YouTube Ads,Search,Retargeting,West,584.14,79453,1201,78,10503.25,0.015115854656211848,0.0649458784346378,0.48637801831806826,17.980706679905502
2025-08-25,Google Ads,Video,Existing Customers,West,932.59,36445,963,76,8067.95,0.026423377692413225,0.07892004153686397,0.9684215991692627,8.65112214370731
2025-08-26,YouTube Ads,Social,Prospecting,West,558.01,72417,1198,44,4649.68,0.016543076901832442,0.03672787979966611,0.4657846410684474,8.33261052669307
2025-08-26,Meta Ads,Video,Retargeting,East,810.8,48524,994,63,6686.4,0.02048470859780727,0.06338028169014084,0.8156941649899396,8.246669955599408
2025-08-26,Meta Ads,Search,Prospecting,South,1971.11,84164,2443,128,16585.19,0.02902666223088256,0.052394596807204256,0.8068399508800654,8.414137212027741
2025-08-27,YouTube Ads,Social,Prospecting,East,626.01,60077,808,17,1999.53,0.013449406594869918,0.02103960396039604,0.7747648514851485,3.19408635644798
2025-08-27,Meta Ads,Video,Prospecting,North,1506.66,87839,2335,60,7000.21,0.0265827252131741,0.02569593147751606,0.6452505353319058,4.64617763795415
2025-08-27,LinkedIn Ads,Search,Lookalike,West,1006.94,16344,405,21,2617.71,0.02477973568281938,0.05185185185185185,2.486271604938272,2.5996683019842295
2025-08-27,Google Ads,Display,Existing Customers,South,269.72,9591,288,35,3941.2,0.030028151391929936,0.12152777777777778,0.9365277777777778,14.612190419694496
2025-08-28,LinkedIn Ads,Video,Prospecting,North,341.96,8628,150,6,837.3,0.017385257301808066,0.04,2.279733333333333,2.4485319920458535
2025-08-28,Meta Ads,Search,Prospecting,North,407.17,26023,614,49,5633.46,0.023594512546593397,0.07980456026058631,0.6631433224755701,13.835646044649655
2025-08-28,Google Ads,Search,Prospecting,North,401.59,10802,324,23,2290.65,0.029994445473060544,0.07098765432098765,1.2394753086419752,5.7039517916282785
2025-08-29,Meta Ads,Display,Prospecting,North,660.1,33728,779,36,3991.19,0.023096537001897535,0.04621309370988447,0.8473684210526317,6.046341463414634
2025-08-29,Google Ads,Social,Retargeting,East,1043.77,23058,775,102,13991.82,0.03361089426663197,0.13161290322580646,1.3468,13.405079663144178
2025-08-29,Google Ads,Search,Lookalike,North,1582.77,47029,1575,247,26514.82,0.03348997427119437,0.1568253968253968,1.0049333333333332,16.752162348288127
2025-08-30,Google Ads,Social,Retargeting,West,855.25,17955,634,84,11095.73,0.0353104984683932,0.13249211356466878,1.34897476340694,12.973668517977199
2025-08-30,Google Ads,Display,Prospecting,South,523.95,12947,459,27,2801.08,0.03545222831543987,0.058823529411764705,1.1415032679738564,5.346082641473423
2025-08-30,Google Ads,Search,Retargeting,East,180.84,4605,166,22,2226.8,0.036047774158523345,0.13253012048192772,1.089397590361446,12.313647423136475
2025-08-30,Google Ads,Social,Prospecting,South,732.87,22722,714,62,7866.11,0.031423290203327174,0.08683473389355742,1.0264285714285715,10.733295127375932
2025-08-31,LinkedIn Ads,Display,Prospecting,North,711.82,19892,324,10,992.68,0.016287954956766538,0.030864197530864196,2.1969753086419757,1.3945660419769041
2025-08-31,LinkedIn Ads,Social,Existing Customers,North,788.38,14132,249,12,1682.28,0.01761958675346731,0.04819277108433735,3.166184738955823,2.133844085339557
2025-08-31,LinkedIn Ads,Display,Lookalike,East,2752.15,61157,1092,46,5581.15,0.017855682914466046,0.04212454212454213,2.520283882783883,2.0279236233490177
2025-09-01,Google Ads,Social,Existing Customers,East,1567.86,41000,1326,126,13509.38,0.03234146341463415,0.09502262443438914,1.1823981900452487,8.616445345885474
2025-09-01,YouTube Ads,Video,Existing Customers,South,1166.04,131881,2097,64,7859.91,0.01590069835685201,0.030519790176442536,0.5560515021459227,6.7406864258516
2025-09-01,Meta Ads,Display,Retargeting,South,374.55,22181,352,15,1576.83,0.01586943780713223,0.04261363636363636,1.0640625000000001,4.209931918301962
2025-09-02,Google Ads,Search,Existing Customers,West,501.52,11536,354,40,5239.36,0.030686546463245493,0.11299435028248588,1.4167231638418079,10.446961237836975
2025-09-02,Google Ads,Video,Retargeting,West,658.15,19291,642,58,8640.86,0.03327976776735265,0.09034267912772585,1.0251557632398753,13.129013142900556
2025-09-02,Meta Ads,Social,Prospecting,South,422.87,32559,614,17,1841.56,0.018858073036641176,0.02768729641693811,0.6887133550488599,4.354908127793411
2025-09-02,Google Ads,Search,Prospecting,North,969.11,18582,872,79,9844.03,0.046927133785383705,0.09059633027522936,1.1113646788990825,10.157804583587003
2025-09-03,Meta Ads,Search,Prospecting,South,882.78,54270,1198,76,8773.43,0.0220748111295375,0.06343906510851419,0.7368781302170283,9.938410475996285
2025-09-03,YouTube Ads,Display,Prospecting,East,345.05,43009,666,26,3001.26,0.015485131019089028,0.03903903903903904,0.5180930930930931,8.698043761773656
2025-09-03,Google Ads,Search,Prospecting,East,1523.87,38492,1235,144,16131.79,0.03208458900550764,0.11659919028340081,1.233902834008097,10.586067052963838
2025-09-04,Google Ads,Search,Lookalike,North,748.13,14785,516,29,2887.43,0.034900236726411904,0.0562015503875969,1.4498643410852714,3.8595297608704366
2025-09-04,YouTube Ads,Search,Lookalike,North,227.51,40156,484,16,1936.52,0.012052993326028489,0.03305785123966942,0.47006198347107436,8.511801679047075
2025-09-04,Meta Ads,Social,Retargeting,South,677.02,52770,1126,80,8784.21,0.021337881371991663,0.07104795737122557,0.6012611012433392,12.974816105875748
2025-09-05,Google Ads,Social,Prospecting,West,840.39,26718,790,69,6811.24,0.0295680814432218,0.08734177215189873,1.0637848101265823,8.104856078725353
2025-09-05,YouTube Ads,Social,Lookalike,North,1317.37,170715,2436,103,13725.28,0.014269396362358317,0.04228243021346469,0.5407922824302134,10.418697860130413
2025-09-05,YouTube Ads,Search,Prospecting,South,562.12,74404,704,28,3269.9,0.009461856889414548,0.03977272727272727,0.7984659090909091,5.817085319860528
2025-09-06,Meta Ads,Search,Prospecting,North,1199.0,79020,1419,72,7984.38,0.017957479119210328,0.0507399577167019,0.8449612403100775,6.659199332777314
2025-09-06,Meta Ads,Social,Prospecting,North,790.55,32969,944,56,7790.78,0.02863295823349207,0.059322033898305086,0.837447033898305,9.854885838972868
2025-09-06,Google Ads,Social,Prospecting,East,297.76,6643,270,13,1065.36,0.040644287219629684,0.04814814814814815,1.1028148148148147,3.5779150994089197
2025-09-06,Google Ads,Display,Prospecting,South,279.0,5723,254,18,2482.39,0.044382316966625895,0.07086614173228346,1.0984251968503937,8.897455197132617
2025-09-07,Meta Ads,Search,Lookalike,South,1452.07,90077,2544,165,16360.84,0.02824250363577828,0.06485849056603774,0.5707822327044025,11.267252956124706
2025-09-07,Google Ads,Search,Lookalike,West,1523.05,29589,1169,125,14850.95,0.039507925242488764,0.10692899914456801,1.3028656971770745,9.75079609993106
2025-09-07,Meta Ads,Search,Lookalike,North,863.48,54690,1109,120,12529.78,0.02027793015176449,0.10820559062218214,0.7786113615870154,14.510793533144948
2025-09-08,LinkedIn Ads,Social,Prospecting,North,1850.65,42051,628,15,1475.79,0.014934246510190007,0.02388535031847134,2.946894904458599,0.7974441412476697
2025-09-08,Google Ads,Social,Lookalike,West,1391.14,29077,1251,124,17192.59,0.043023695704508716,0.0991207034372502,1.1120223820943247,12.358633926132523
2025-09-08,Meta Ads,Display,Lookalike,East,1091.64,69685,1551,96,14247.54,0.022257300710339385,0.061895551257253385,0.7038297872340427,13.051500494668572
2025-09-09,Google Ads,Social,Prospecting,North,387.12,5982,328,29,3219.52,0.05483116014710799,0.08841463414634146,1.1802439024390243,8.316594337673072
2025-09-09,YouTube Ads,Social,Retargeting,South,2157.08,229533,3224,177,21423.82,0.014045910609803383,0.05490074441687345,0.6690694789081886,9.931861590668868
2025-09-09,Google Ads,Social,Retargeting,East,991.95,21854,1091,127,14735.28,0.04992221103688112,0.11640696608615948,0.9092117323556371,14.854861636171178
2025-09-09,Meta Ads,Search,Retargeting,South,544.73,31467,673,69,10084.29,0.021387485302062477,0.1025260029717682,0.809405646359584,18.51245571200411
2025-09-10,Meta Ads,Social,Prospecting,East,453.37,22587,632,33,2539.79,0.027980696861026253,0.05221518987341772,0.7173575949367089,5.602024836226482
2025-09-10,Meta Ads,Social,Retargeting,East,827.15,45583,1361,127,15467.1,0.029857622359212865,0.09331373989713446,0.6077516531961793,18.699268572810254
2025-09-10,Meta Ads,Social,Prospecting,South,236.25,25027,458,37,3770.73,0.018300235745394973,0.08078602620087336,0.5158296943231441,15.960761904761904
2025-09-11,LinkedIn Ads,Search,Prospecting,West,1103.09,28493,470,31,2250.37,0.016495279542343734,0.06595744680851064,2.347,2.040060194544416
2025-09-11,Meta Ads,Display,Prospecting,South,376.63,22718,415,25,2712.76,0.018267453120873318,0.060240963855421686,0.9075421686746988,7.202718848737488
2025-09-11,LinkedIn Ads,Video,Existing Customers,West,890.67,19688,284,14,2241.76,0.014425030475416498,0.04929577464788732,3.136161971830986,2.5169366881111976
2025-09-12,YouTube Ads,Search,Prospecting,North,498.71,48009,812,24,2476.59,0.01691349538628174,0.029556650246305417,0.6141748768472907,4.96599226003088
2025-09-12,Meta Ads,Social,Prospecting,South,589.46,28161,598,38,4910.88,0.021235041369269556,0.06354515050167224,0.9857190635451506,8.331150544566214
2025-09-12,Meta Ads,Display,Prospecting,East,427.99,26972,599,21,2868.1,0.02220821592762865,0.035058430717863104,0.7145075125208681,6.701324797308348
2025-09-13,Google Ads,Search,Existing Customers,West,630.35,12175,471,76,9420.44,0.03868583162217659,0.1613588110403397,1.3383227176220807,14.944776711350837
2025-09-13,LinkedIn Ads,Display,Retargeting,North,2390.31,83122,1071,62,7264.43,0.012884675537162243,0.05788982259570495,2.231848739495798,3.0391162652542976
2025-09-13,Meta Ads,Social,Existing Customers,West,1722.22,93639,2597,186,16895.34,0.02773417059131345,0.07162110127069696,0.6631574894108587,9.810210077690423
2025-09-13,Meta Ads,Video,Prospecting,North,881.38,66021,1364,73,7453.96,0.020660093000711893,0.053519061583577714,0.6461730205278592,8.45714674714652
2025-09-14,Google Ads,Video,Prospecting,South,688.59,21625,833,41,5384.37,0.03852023121387283,0.04921968787515006,0.826638655462185,7.819413584280921
2025-09-14,YouTube Ads,Search,Retargeting,South,1211.74,101353,1700,138,16020.73,0.01677306049154934,0.0811764705882353,0.7127882352941176,13.22126033637579
2025-09-14,Meta Ads,Social,Prospecting,South,1459.08,79768,2246,125,15201.52,0.02815665429746264,0.05565449688334818,0.6496349065004452,10.418565123228337
2025-09-15,Meta Ads,Social,Lookalike,West,408.18,29830,644,44,5165.46,0.02158900435802883,0.06832298136645963,0.6338198757763975,12.654858150815816
2025-09-15,Google Ads,Search,Existing Customers,East,665.64,29270,699,77,12844.57,0.02388110693542877,0.11015736766809728,0.952274678111588,19.296571720449492
2025-09-15,YouTube Ads,Social,Retargeting,West,214.18,25206,382,20,2145.01,0.015155121796397683,0.05235602094240838,0.5606806282722513,10.014987393780933
2025-09-16,Google Ads,Video,Existing Customers,South,1452.58,26262,953,104,16162.55,0.03628817302566446,0.10912906610703044,1.524218258132214,11.126788197551942
2025-09-16,Google Ads,Search,Retargeting,West,2679.39,57374,1667,183,21484.76,0.02905497263568864,0.10977804439112178,1.6073125374925015,8.018526604936199
2025-09-16,YouTube Ads,Social,Prospecting,South,737.4,107637,1658,51,7420.27,0.01540362514748646,0.030759951749095297,0.4447527141133896,10.062747491185247
2025-09-16,YouTube Ads,Display,Retargeting,East,175.88,22837,321,18,1673.11,0.014056136970705435,0.056074766355140186,0.5479127725856697,9.512792813281783
2025-09-17,Google Ads,Social,Prospecting,East,1039.88,38821,1067,82,9702.55,0.027485124030808068,0.07685098406747891,0.9745829428303656,9.33045159056814
2025-09-17,Meta Ads,Social,Lookalike,East,388.94,18569,461,41,4424.46,0.0248263234422963,0.08893709327548807,0.8436876355748373,11.375687766750655
2025-09-17,LinkedIn Ads,Video,Prospecting,East,454.82,11129,181,5,587.55,0.01626381525743553,0.027624309392265192,2.512817679558011,1.2918297348401564
2025-09-18,YouTube Ads,Social,Prospecting,South,1051.9,144026,2008,63,8631.17,0.013941927152041992,0.03137450199203187,0.5238545816733068,8.205314193364387
2025-09-18,Meta Ads,Search,Retargeting,East,825.96,56021,1134,87,10598.22,0.020242409096588778,0.07671957671957672,0.7283597883597884,12.831396193520266
2025-09-18,Meta Ads,Search,Prospecting,West,509.69,27803,764,57,7807.11,0.027479049023486673,0.07460732984293193,0.6671335078534031,15.317369381388687
2025-09-19,LinkedIn Ads,Video,Prospecting,South,458.9,8283,148,5,514.68,0.01786792225039237,0.033783783783783786,3.1006756756756757,1.1215515362824144
2025-09-19,LinkedIn Ads,Search,Lookalike,East,759.66,15883,290,13,1302.46,0.018258515393817287,0.04482758620689655,2.6195172413793104,1.714530184556249
2025-09-19,LinkedIn Ads,Social,Prospecting,North,536.43,12088,201,12,1383.48,0.016628060886829915,0.05970149253731343,2.6688059701492537,2.579050388680723
2025-09-19,Meta Ads,Search,Retargeting,South,340.38,30278,724,76,8687.12,0.023911751106413897,0.10497237569060773,0.47013812154696133,25.52182854456784
2025-09-20,Google Ads,Social,Prospecting,West,563.92,11116,496,36,4019.56,0.044620367038503056,0.07258064516129033,1.1369354838709678,7.127890480919279
2025-09-20,YouTube Ads,Video,Prospecting,East,872.9,63956,1078,26,2541.36,0.01685533804490587,0.02411873840445269,0.8097402597402598,2.911398785657006
2025-09-20,YouTube Ads,Social,Prospecting,North,623.48,51196,869,24,3277.82,0.0169739823423705,0.02761795166858458,0.7174683544303798,5.257297748123436
2025-09-21,LinkedIn Ads,Video,Lookalike,East,279.3,7771,156,5,542.34,0.020074636468922918,0.03205128205128205,1.7903846153846155,1.9417830290010742
2025-09-21,Google Ads,Search,Existing Customers,West,1331.38,44578,1217,73,11090.38,0.027300462111355377,0.0599835661462613,1.0939852095316354,8.329988433054423
2025-09-21,Google Ads,Social,Prospecting,North,118.02,4148,124,10,1152.29,0.029893924783027964,0.08064516129032258,0.9517741935483871,9.763514658532452
2025-09-22,LinkedIn Ads,Video,Existing Customers,North,523.71,9569,166,5,684.03,0.017347685233566727,0.030120481927710843,3.1548795180722893,1.3061236180328806
2025-09-22,Google Ads,Social,Retargeting,South,467.76,12731,391,46,5751.78,0.030712434215693977,0.11764705882352941,1.196317135549872,12.296434068753207
2025-09-22,YouTube Ads,Search,Retargeting,East,770.78,121363,1503,66,6610.76,0.012384334599507264,0.043912175648702596,0.5128276779773786,8.576714497003037
2025-09-23,Meta Ads,Video,Lookalike,South,1008.44,88692,1393,75,9120.72,0.015706038876110585,0.05384063173007897,0.7239339554917444,9.044385387330927
2025-09-23,LinkedIn Ads,Social,Lookalike,West,1456.04,65200,921,69,10329.99,0.014125766871165645,0.0749185667752443,1.5809337676438653,7.094578445647097
2025-09-23,YouTube Ads,Social,Lookalike,West,440.55,63115,904,52,6215.51,0.01432306107898281,0.05752212389380531,0.4873340707964602,14.108523436613325
2025-09-23,Meta Ads,Video,Retargeting,East,1024.91,65127,1415,68,8923.16,0.021726779983724107,0.0480565371024735,0.7243180212014135,8.706286405635616
2025-09-24,Google Ads,Search,Retargeting,South,795.02,19905,604,106,13512.76,0.030344134639537803,0.17549668874172186,1.3162582781456953,16.99675479862142
2025-09-24,Meta Ads,Social,Prospecting,North,230.12,19539,436,16,1928.43,0.022314345667639082,0.03669724770642202,0.5277981651376147,8.380106031635668
2025-09-24,Meta Ads,Search,Prospecting,West,2407.71,174666,3554,172,20357.34,0.020347405906129414,0.04839617332583005,0.6774648283624085,8.455063109759896
2025-09-25,Meta Ads,Social,Lookalike,West,274.75,12140,325,19,2372.18,0.026771004942339374,0.05846153846153846,0.8453846153846154,8.63395814376706
2025-09-25,Meta Ads,Search,Prospecting,South,919.43,75389,1611,123,15834.91,0.021369165262836755,0.07635009310986965,0.5707200496585971,17.222529175684937
2025-09-25,YouTube Ads,Display,Prospecting,East,901.95,88161,1499,45,4079.75,0.017002983178502965,0.030020013342228154,0.601701134089393,4.523255169355285
2025-09-26,Meta Ads,Search,Prospecting,West,837.35,50439,1151,65,7764.34,0.022819643529808285,0.05647263249348393,0.7274978279756733,9.27251448020541
2025-09-26,Google Ads,Display,Prospecting,East,507.56,12319,335,21,2345.42,0.027193765727737643,0.0626865671641791,1.5151044776119402,4.620970919694224
2025-09-26,Meta Ads,Search,Retargeting,North,1198.46,79792,1727,95,10255.49,0.021643773811910967,0.05500868558193399,0.6939548349739433,8.55722343674382
2025-09-26,Meta Ads,Social,Retargeting,East,253.87,20553,362,30,4149.82,0.017613000535201675,0.08287292817679558,0.7012983425414365,16.34624020167802
2025-09-27,Google Ads,Social,Retargeting,West,670.68,14829,509,56,5700.99,0.03432463416278913,0.1100196463654224,1.3176424361493122,8.500313115047415
2025-09-27,Google Ads,Display,Prospecting,West,485.2,17055,522,38,3415.98,0.030606860158311346,0.07279693486590039,0.9295019157088122,7.040354492992581
2025-09-27,Meta Ads,Social,Retargeting,South,450.72,27540,649,46,5948.85,0.023565722585330427,0.07087827426810478,0.6944838212634823,13.19854898828541
2025-09-28,Google Ads,Social,Prospecting,East,924.97,31469,865,59,5276.54,0.027487368521402013,0.06820809248554913,1.0693294797687862,5.7045525800836785
2025-09-28,YouTube Ads,Video,Lookalike,South,1410.14,165295,2486,59,4737.52,0.01503977736773647,0.023732904263877714,0.5672325020112631,3.3596096841448366
2025-09-28,Google Ads,Social,Retargeting,East,560.02,10954,425,53,6961.49,0.03879861237903962,0.12470588235294118,1.3176941176470587,12.43078818613621
2025-09-29,Google Ads,Search,Retargeting,North,1162.73,22445,925,133,15674.98,0.041211851191802186,0.1437837837837838,1.2570054054054054,13.481186517936235
2025-09-29,LinkedIn Ads,Video,Retargeting,South,723.0,21674,340,16,1976.14,0.015686998246747255,0.047058823529411764,2.126470588235294,2.733250345781466
2025-09-29,YouTube Ads,Social,Existing Customers,South,391.82,43926,661,26,3005.58,0.015048035332149524,0.039334341906202726,0.592768532526475,7.670818232862028
2025-09-30,Google Ads,Search,Lookalike,South,591.94,11222,406,44,3963.55,0.036178934236321514,0.10837438423645321,1.4579802955665027,6.69586444572085
2025-09-30,Google Ads,Social,Retargeting,South,576.18,12370,572,70,6555.91,0.04624090541632983,0.12237762237762238,1.0073076923076922,11.378232496789199
2025-09-30,Google Ads,Search,Retargeting,North,445.08,14100,378,42,4624.23,0.026808510638297874,0.1111111111111111,1.1774603174603173,10.389660285791317
2025-09-30,Meta Ads,Search,Prospecting,East,924.82,70961,1325,86,7920.32,0.018672228407153223,0.0649056603773585,0.6979773584905661,8.564174650202201
2025-10-01,Meta Ads,Display,Existing Customers,South,815.34,31388,1144,97,12626.4,0.03644704982795973,0.08479020979020979,0.7127097902097902,15.486054897343438
2025-10-01,Google Ads,Search,Prospecting,West,248.93,8433,281,22,2346.87,0.03332147515712083,0.07829181494661921,0.8858718861209964,9.427831117181537
2025-10-01,Google Ads,Display,Prospecting,North,239.27,6666,166,17,2011.62,0.024902490249024904,0.10240963855421686,1.4413855421686748,8.407322271910393
2025-10-02,Meta Ads,Video,Existing Customers,East,922.53,73196,1450,58,7378.53,0.019809825673534072,0.04,0.6362275862068966,7.998146401743033
2025-10-02,YouTube Ads,Social,Lookalike,North,412.05,66172,603,23,2805.14,0.00911261560780995,0.03814262023217247,0.6833333333333333,6.807766047809731
2025-10-02,Meta Ads,Display,Prospecting,East,851.85,56888,1307,42,5207.61,0.022974968358880608,0.032134659525631215,0.6517597551644989,6.113294594118682
2025-10-03,Meta Ads,Display,Prospecting,South,1162.92,70131,1785,137,14906.94,0.02545236771185353,0.07675070028011205,0.6514957983193278,12.818542978020844
2025-10-03,Google Ads,Video,Prospecting,South,306.42,7373,219,12,1419.74,0.0297029702970297,0.0547945205479452,1.399178082191781,4.633313752366034
2025-10-03,Google Ads,Social,Retargeting,East,279.66,6437,207,20,2384.96,0.0321578375019419,0.0966183574879227,1.3510144927536234,8.528069799041694
2025-10-03,Google Ads,Search,Prospecting,West,2078.62,42293,1748,124,8838.72,0.04133071666706074,0.07093821510297482,1.189141876430206,4.252205790380156
2025-10-04,LinkedIn Ads,Social,Existing Customers,South,879.72,24742,325,12,1641.22,0.013135558968555493,0.036923076923076927,2.7068307692307694,1.8656163324694222
2025-10-04,YouTube Ads,Social,Existing Customers,West,533.03,81357,962,42,5338.82,0.011824428137714026,0.04365904365904366,0.5540852390852391,10.01598409095173
2025-10-04,YouTube Ads,Search,Retargeting,North,381.46,45775,659,32,4004.89,0.014396504642271983,0.048558421851289835,0.5788467374810319,10.498846536989461
2025-10-05,YouTube Ads,Social,Retargeting,South,502.35,73510,963,23,2112.25,0.013100258468235614,0.023883696780893044,0.5216510903426792,4.204737732656514
2025-10-05,YouTube Ads,Search,Prospecting,South,322.86,33879,482,23,2514.27,0.014227102334779657,0.04771784232365145,0.6698340248962655,7.787493031035123
2025-10-05,YouTube Ads,Video,Prospecting,West,1243.02,200450,2395,52,4958.33,0.011948116737340983,0.021711899791231733,0.5190062630480167,3.988938231082364
2025-10-06,Google Ads,Search,Lookalike,North,422.5,7972,290,30,3852.08,0.03637732062217762,0.10344827586206896,1.456896551724138,9.117349112426036
2025-10-06,Google Ads,Search,Prospecting,South,1424.93,38242,1303,155,13904.72,0.03407248574865331,0.11895625479662318,1.0935763622409824,9.758177594688862
2025-10-06,Google Ads,Search,Prospecting,South,539.52,12113,468,35,3439.95,0.038636176009246265,0.07478632478632478,1.1528205128205127,6.375945284697509
2025-10-06,Meta Ads,Search,Prospecting,West,355.28,19160,437,28,3489.29,0.02280793319415449,0.06407322654462243,0.8129977116704805,9.821239585678901
2025-10-07,Google Ads,Search,Prospecting,South,530.59,12663,460,24,2488.11,0.036326304983021404,0.05217391304347826,1.1534565217391306,4.689326975630902
2025-10-07,LinkedIn Ads,Search,Retargeting,West,127.15,4036,56,6,589.73,0.013875123885034688,0.10714285714285714,2.2705357142857143,4.638065277231616
2025-10-07,Meta Ads,Search,Lookalike,East,647.15,37563,903,56,7353.97,0.024039613449405,0.06201550387596899,0.7166666666666667,11.363625125550492
2025-10-08,Meta Ads,Search,Lookalike,East,626.72,36376,754,54,7131.18,0.02072795249615131,0.07161803713527852,0.8311936339522547,11.378574163900945
2025-10-08,Google Ads,Social,Retargeting,West,1196.51,34063,1157,137,17535.63,0.03396647388662185,0.11840968020743302,1.0341486603284356,14.65564851108641
2025-10-08,Google Ads,Social,Lookalike,North,205.4,4306,182,16,2084.43,0.04226660473757548,0.08791208791208792,1.1285714285714286,10.148149951314506
2025-10-09,Google Ads,Social,Retargeting,South,1489.65,42050,1293,161,17843.88,0.03074910820451843,0.12451662799690642,1.1520881670533643,11.978572147819957
2025-10-09,YouTube Ads,Social,Lookalike,East,1193.29,93674,1792,97,10797.78,0.019130174861754595,0.05412946428571429,0.6658984375,9.048747580219395
2025-10-09,Meta Ads,Search,Retargeting,North,1579.57,78121,2229,200,20666.91,0.02853266087223666,0.08972633467922836,0.7086451323463436,13.083883588571574
2025-10-10,LinkedIn Ads,Search,Prospecting,North,676.42,10237,211,18,2124.34,0.02061150727752271,0.08530805687203792,3.2057819905213267,3.140563555187606
2025-10-10,Google Ads,Search,Existing Customers,North,1353.05,41109,1206,133,15153.71,0.029336641611325986,0.11028192371475953,1.1219320066334992,11.199667418055505
2025-10-10,Meta Ads,Display,Prospecting,West,269.02,26141,388,15,1608.07,0.014842584445889598,0.03865979381443299,0.6933505154639175,5.977510965727455
2025-10-10,Meta Ads,Video,Prospecting,East,1112.72,59442,1588,63,7925.29,0.02671511725715824,0.039672544080604534,0.7007052896725441,7.122447695736573
2025-10-11,LinkedIn Ads,Video,Prospecting,South,424.04,11871,218,3,408.97,0.01836408053238986,0.013761467889908258,1.9451376146788992,0.9644608999151024
2025-10-11,LinkedIn Ads,Social,Prospecting,East,239.29,7497,118,3,366.51,0.015739629185007337,0.025423728813559324,2.0278813559322035,1.5316561494420995
2025-10-11,Google Ads,Social,Prospecting,East,337.1,7379,319,22,3240.55,0.04323079007995664,0.06896551724137931,1.0567398119122258,9.61302284188668
2025-10-12,YouTube Ads,Social,Retargeting,West,702.52,78629,1010,63,6444.95,0.012845133474926555,0.062376237623762376,0.6955643564356435,9.174044867050048
2025-10-12,Google Ads,Display,Existing Customers,West,409.64,11040,358,39,3450.32,0.03242753623188406,0.10893854748603352,1.144245810055866,8.422810272434333
2025-10-12,YouTube Ads,Display,Prospecting,West,893.84,100993,1665,40,5114.53,0.016486291129088154,0.024024024024024024,0.5368408408408408,5.721974850085026
2025-10-13,Google Ads,Display,Retargeting,North,216.1,5377,154,8,808.86,0.02864050585828529,0.05194805194805195,1.4032467532467532,3.742989356779269
2025-10-13,Google Ads,Video,Prospecting,West,175.65,3468,119,9,990.66,0.03431372549019608,0.07563025210084033,1.4760504201680673,5.6399658411614
2025-10-13,LinkedIn Ads,Social,Lookalike,South,1708.09,26577,582,21,1746.02,0.021898634157354102,0.03608247422680412,2.9348625429553263,1.0222060898430412
2025-10-13,Google Ads,Display,Prospecting,South,1259.6,34520,1255,63,6225.3,0.03635573580533024,0.050199203187251,1.0036653386454182,4.942283264528422
2025-10-14,Meta Ads,Display,Prospecting,East,353.91,19319,532,31,2726.76,0.027537657228635024,0.05827067669172932,0.6652443609022557,7.704670678986183
2025-10-14,Meta Ads,Social,Retargeting,East,698.64,26909,726,54,5787.86,0.026979820877773234,0.0743801652892562,0.9623140495867768,8.284466964387953
2025-10-14,Google Ads,Video,Lookalike,South,1357.99,32412,1136,64,6905.48,0.035048747377514504,0.056338028169014086,1.195413732394366,5.0850742641698385
2025-10-15,LinkedIn Ads,Search,Lookalike,West,919.25,33842,400,18,2099.15,0.011819632409432066,0.045,2.298125,2.2835463693228175
2025-10-15,YouTube Ads,Video,Retargeting,North,770.8,96398,1185,74,10161.31,0.012292786157389157,0.06244725738396625,0.650464135021097,13.182810067462377
2025-10-15,YouTube Ads,Display,Lookalike,North,1426.43,121620,2093,58,7376.69,0.017209340568985366,0.02771141901576684,0.6815241280458673,5.171434981036573
2025-10-16,Google Ads,Search,Prospecting,North,435.34,15674,415,33,2831.43,0.026476968227638127,0.07951807228915662,1.049012048192771,6.503950934901456
2025-10-16,Meta Ads,Display,Prospecting,West,714.33,46183,958,27,3400.5,0.020743563648961738,0.028183716075156576,0.7456471816283925,4.760404854898996
2025-10-16,Google Ads,Search,Prospecting,South,691.93,13952,519,49,5733.57,0.03719896788990826,0.09441233140655106,1.333198458574181,8.286343994334688
2025-10-17,Google Ads,Display,Prospecting,South,586.27,13465,614,37,4189.85,0.045599702933531376,0.06026058631921824,0.9548371335504886,7.146621863646444
2025-10-17,Google Ads,Display,Prospecting,East,543.32,14956,472,22,2521.01,0.031559240438619955,0.046610169491525424,1.1511016949152544,4.640009570787013
2025-10-17,YouTube Ads,Social,Retargeting,South,733.95,113178,1512,92,10918.74,0.013359486826061601,0.06084656084656084,0.4854166666666667,14.87668097281831
2025-10-17,YouTube Ads,Video,Prospecting,East,715.83,97247,1445,38,3896.75,0.014859070202679774,0.02629757785467128,0.4953840830449827,5.44368076219214
2025-10-18,LinkedIn Ads,Search,Retargeting,North,354.11,8397,161,16,1787.48,0.019173514350363224,0.09937888198757763,2.1994409937888197,5.047810002541583
2025-10-18,Meta Ads,Search,Retargeting,North,1178.79,70896,1517,163,22218.68,0.0213975400586775,0.1074489123269611,0.7770533948582729,18.84871775295006
2025-10-18,Meta Ads,Social,Lookalike,West,371.08,20434,543,37,3786.2,0.02657335812860918,0.06813996316758748,0.6833885819521178,10.203190686644389
2025-10-19,Meta Ads,Search,Lookalike,South,607.42,49127,936,67,6462.96,0.01905265943371262,0.07158119658119658,0.6489529914529915,10.640018438642127
2025-10-19,Meta Ads,Social,Prospecting,North,577.75,35408,796,46,5238.91,0.022480795300497063,0.05778894472361809,0.7258165829145728,9.067780181739506
2025-10-19,Meta Ads,Search,Prospecting,South,883.46,61840,1474,51,4827.14,0.023835705045278138,0.03459972862957938,0.5993622795115333,5.463903289339642
2025-10-20,Google Ads,Social,Retargeting,South,176.56,4391,143,11,923.89,0.032566613527670235,0.07692307692307693,1.2346853146853147,5.232725419120978
2025-10-20,Google Ads,Social,Retargeting,South,1249.09,22254,906,110,11967.95,0.040711782151523324,0.12141280353200883,1.3786865342163355,9.581335212034363
2025-10-20,YouTube Ads,Video,Prospecting,South,450.81,51079,787,12,1692.9,0.015407506020086533,0.015247776365946633,0.5728208386277002,3.7552405669794373
2025-10-20,Meta Ads,Search,Prospecting,East,1546.97,87512,2219,128,14631.06,0.025356522534052472,0.05768364127985579,0.6971473636773321,9.45788218258919
2025-10-21,YouTube Ads,Video,Lookalike,North,513.0,53627,833,29,3428.22,0.015533220206239394,0.03481392557022809,0.6158463385354142,6.6826900584795315
2025-10-21,Google Ads,Social,Retargeting,South,678.13,21787,816,105,8049.02,0.037453527332813145,0.12867647058823528,0.8310416666666667,11.869435064073262
2025-10-21,Meta Ads,Social,Prospecting,South,2428.53,157643,3095,229,28140.95,0.019632968162239996,0.0739903069466882,0.7846623586429726,11.58764767163675
2025-10-22,Google Ads,Social,Retargeting,East,584.53,9890,309,52,6067.39,0.031243680485338727,0.16828478964401294,1.89168284789644,10.379946281627976
2025-10-22,Google Ads,Social,Existing Customers,West,1566.08,31836,1389,141,15689.64,0.04362985299660761,0.10151187904967603,1.1274874010079192,10.01841540662035
2025-10-22,Google Ads,Search,Prospecting,West,717.99,16207,636,54,6385.01,0.039242302708706114,0.08490566037735849,1.1289150943396227,8.892895444226243
2025-10-23,Google Ads,Social,Existing Customers,South,917.0,24318,708,36,4590.26,0.029114236368122378,0.05084745762711865,1.2951977401129944,5.005736095965104
2025-10-23,YouTube Ads,Search,Prospecting,East,732.57,62660,971,33,3165.66,0.015496329396744335,0.03398558187435633,0.7544490216271885,4.321307178836152
2025-10-23,Google Ads,Social,Retargeting,North,1214.62,39597,904,76,9193.98,0.02283001237467485,0.084070796460177,1.3436061946902653,7.569429121865275
2025-10-23,Meta Ads,Social,Retargeting,East,448.31,44303,879,62,8466.0,0.01984064284585694,0.07053469852104664,0.5100227531285552,18.8842541991033
2025-10-24,Meta Ads,Social,Prospecting,North,369.24,17932,469,18,1996.15,0.026154360919027436,0.03837953091684435,0.7872921108742005,5.406104430722565
2025-10-24,Meta Ads,Display,Existing Customers,North,462.2,19758,425,33,3542.02,0.021510274319263084,0.07764705882352942,1.0875294117647059,7.663392470791865
2025-10-24,Meta Ads,Search,Retargeting,East,746.87,41785,939,118,13192.82,0.022472179011607037,0.12566560170394037,0.7953887113951011,17.664145031933266
2025-10-25,Google Ads,Video,Existing Customers,North,606.41,31176,634,52,7322.31,0.02033615601744932,0.08201892744479496,0.9564826498422713,12.074850348773934
2025-10-25,YouTube Ads,Display,Prospecting,South,1110.71,130997,1831,87,8084.58,0.013977419330213669,0.047515019115237575,0.6066138722009831,7.27874962861593
2025-10-25,LinkedIn Ads,Video,Existing Customers,North,1634.6,43701,836,25,3386.18,0.0191299970252397,0.029904306220095694,1.9552631578947368,2.071564908846201
2025-10-26,LinkedIn Ads,Display,Existing Customers,East,371.22,6489,127,3,333.06,0.019571582678378795,0.023622047244094488,2.922992125984252,0.8972038144496525
2025-10-26,Meta Ads,Search,Retargeting,West,434.42,26872,703,47,5609.79,0.026161059839237867,0.06685633001422475,0.6179516358463727,12.91328668109203
2025-10-26,Google Ads,Social,Prospecting,East,275.21,7003,236,16,1677.47,0.033699842924460946,0.06779661016949153,1.1661440677966102,6.095236364957669
2025-10-27,YouTube Ads,Search,Lookalike,West,2619.72,355854,5181,247,25884.04,0.014559341752516481,0.04767419417100946,0.5056398378691372,9.880460507229781
2025-10-27,Google Ads,Display,Retargeting,South,853.3,29414,810,66,9399.44,0.02753790711905895,0.08148148148148149,1.0534567901234568,11.015399039024963
2025-10-27,Google Ads,Social,Existing Customers,North,956.19,19446,656,74,7163.74,0.033734444101614726,0.11280487804878049,1.4576067073170733,7.491962894403831
2025-10-27,Google Ads,Search,Retargeting,North,292.93,9000,251,34,4207.04,0.02788888888888889,0.13545816733067728,1.1670517928286852,14.361929471204725
2025-10-28,LinkedIn Ads,Video,Prospecting,North,699.47,24716,319,9,1315.47,0.012906619194044344,0.02821316614420063,2.1926959247648905,1.880666790570003
2025-10-28,Meta Ads,Search,Prospecting,North,974.66,89852,1626,114,14516.69,0.018096425232604726,0.07011070110701106,0.5994218942189422,14.894106662836272
2025-10-28,LinkedIn Ads,Social,Lookalike,South,593.95,14143,334,23,2093.93,0.023615923071484128,0.0688622754491018,1.7782934131736527,3.5254314336223582
2025-10-29,LinkedIn Ads,Display,Existing Customers,North,1408.51,41821,717,39,3872.16,0.01714449678391239,0.05439330543933055,1.9644490934449093,2.7491178621380037
2025-10-29,Google Ads,Search,Prospecting,East,3145.63,73792,2687,214,21714.74,0.03641316131830009,0.0796427242277633,1.1706847785634538,6.903144997981327
2025-10-29,YouTube Ads,Social,Lookalike,North,378.23,40729,557,27,3181.74,0.013675759286994525,0.04847396768402154,0.6790484739676841,8.412183063215503
2025-10-30,Meta Ads,Display,Existing Customers,East,360.22,34319,547,25,3214.81,0.01593869285235584,0.04570383912248629,0.6585374771480805,8.924573871522957
2025-10-30,Meta Ads,Search,Prospecting,South,395.65,16399,427,12,1105.31,0.026038173059332887,0.02810304449648712,0.9265807962529273,2.7936560090989513
2025-10-30,Google Ads,Social,Prospecting,East,1988.45,81906,1939,111,11021.23,0.02367347935438185,0.05724600309437854,1.025502836513667,5.5426236515879195
2025-10-30,YouTube Ads,Search,Lookalike,East,1378.31,181886,2469,97,9738.15,0.013574436735097808,0.03928716079384366,0.5582462535439449,7.06528284638434
2025-10-31,Google Ads,Display,Retargeting,West,640.97,19101,662,87,9721.95,0.034657871315637925,0.13141993957703926,0.9682326283987915,15.167558544081627
2025-10-31,Google Ads,Search,Prospecting,South,716.83,14582,532,47,7084.05,0.03648333561925662,0.08834586466165413,1.3474248120300754,9.882468646680524
2025-10-31,Meta Ads,Video,Lookalike,South,411.71,21188,409,12,1178.43,0.019303379271285632,0.029339853300733496,1.0066259168704157,2.8622817031405603
2025-11-01,Google Ads,Video,Retargeting,East,1248.38,57236,1439,127,12371.67,0.02514151932350269,0.08825573314801946,0.8675330090340515,9.910179592752206
2025-11-01,Google Ads,Search,Existing Customers,East,546.83,16601,503,61,6232.48,0.030299379555448466,0.12127236580516898,1.0871371769383698,11.397472706325548
2025-11-01,Meta Ads,Social,Existing Customers,South,591.13,34901,671,37,5052.53,0.019225810148706342,0.05514157973174367,0.8809687034277198,8.547240031803495
2025-11-02,Meta Ads,Social,Lookalike,East,1039.81,95079,1820,111,12682.4,0.019141976672030627,0.06098901098901099,0.5713241758241758,12.19684365412912
2025-11-02,YouTube Ads,Display,Retargeting,South,619.48,54586,975,39,3855.85,0.01786172278606236,0.04,0.6353641025641026,6.224333311809905
2025-11-02,Google Ads,Social,Prospecting,South,600.85,15285,430,36,3904.91,0.028132155708210663,0.08372093023255814,1.397325581395349,6.498976450029125
2025-11-03,LinkedIn Ads,Search,Retargeting,South,704.83,15261,290,27,2720.33,0.01900268658672433,0.09310344827586207,2.430448275862069,3.8595547862605164
2025-11-03,Meta Ads,Search,Prospecting,West,1173.87,65957,1493,85,10227.71,0.022635959791985686,0.056932350971198926,0.7862491627595445,8.712813173520066
2025-11-03,Meta Ads,Video,Lookalike,East,2041.22,81791,2139,89,14535.37,0.026152021616070227,0.041608228143992516,0.9542870500233754,7.1209227814738245
2025-11-03,Meta Ads,Social,Prospecting,North,1024.18,48466,1041,62,7744.76,0.0214789749515124,0.059558117195004805,0.9838424591738714,7.561912944990138
2025-11-04,Meta Ads,Video,Retargeting,West,1179.96,65242,1655,103,11672.6,0.02536709481622268,0.062235649546827795,0.7129667673716013,9.892369232855351
2025-11-04,YouTube Ads,Social,Prospecting,East,614.73,79356,1154,38,3915.16,0.014542063612077221,0.03292894280762565,0.5326949740034662,6.368909927935841
2025-11-04,Google Ads,Video,Prospecting,North,441.87,11758,445,36,3269.48,0.03784657254635142,0.08089887640449438,0.9929662921348315,7.399189806956797
2025-11-05,Google Ads,Search,Prospecting,East,1070.81,29808,796,72,9230.86,0.026704240472356415,0.09045226130653267,1.3452386934673366,8.62044620427527
2025-11-05,Meta Ads,Search,Retargeting,East,782.42,98882,1353,91,11577.78,0.01368297566796788,0.0672579453067258,0.5782852919438285,14.79739781702922
2025-11-05,LinkedIn Ads,Video,Lookalike,West,277.65,6229,120,2,213.22,0.019264729491090062,0.016666666666666666,2.3137499999999998,0.767945254817216
2025-11-06,Google Ads,Video,Prospecting,South,565.57,12796,484,32,4378.88,0.03782432010003126,0.06611570247933884,1.1685330578512398,7.742419152359566
2025-11-06,Meta Ads,Social,Existing Customers,East,663.28,41642,998,67,8348.89,0.023966187983286105,0.06713426853707415,0.6646092184368737,12.587278374140634
2025-11-06,YouTube Ads,Social,Existing Customers,South,502.34,60670,828,47,6545.28,0.013647601780121971,0.05676328502415459,0.6066908212560386,13.029581558307124
2025-11-06,LinkedIn Ads,Social,Prospecting,South,1833.92,21542,507,29,3489.61,0.02353541918113453,0.05719921104536489,3.617199211045365,1.902814735648229
2025-11-07,YouTube Ads,Social,Lookalike,East,956.21,121738,1681,81,9056.74,0.013808342506037557,0.04818560380725759,0.5688340273646639,9.47149684692693
2025-11-07,Meta Ads,Search,Retargeting,West,1708.97,107242,2545,189,18486.48,0.023731373902016,0.07426326129666012,0.6715009823182712,10.817322714851635
2025-11-07,Meta Ads,Video,Prospecting,West,830.73,40065,981,31,3483.79,0.0244852115312617,0.03160040774719674,0.8468195718654434,4.193648959349006
2025-11-08,Google Ads,Search,Retargeting,West,738.03,12959,618,69,8980.83,0.047688864881549504,0.11165048543689321,1.1942233009708738,12.168651680825983
2025-11-08,YouTube Ads,Display,Prospecting,East,380.81,36844,522,11,1164.39,0.014167842796656172,0.0210727969348659,0.7295210727969349,3.057666552874137
2025-11-08,Meta Ads,Search,Existing Customers,East,705.45,48774,954,73,9690.65,0.01955960142698979,0.07651991614255765,0.7394654088050315,13.73683464455312
2025-11-09,LinkedIn Ads,Search,Existing Customers,South,705.96,22262,306,20,2063.03,0.013745395741622497,0.06535947712418301,2.307058823529412,2.92230437985155
2025-11-09,Meta Ads,Display,Lookalike,West,287.85,18287,532,25,3226.03,0.02909170448952808,0.046992481203007516,0.5410714285714286,11.207330206704881
2025-11-09,Meta Ads,Social,Retargeting,South,492.94,37373,887,65,7841.14,0.02373371150295668,0.07328072153325817,0.555738444193912,15.906885219296466
2025-11-09,LinkedIn Ads,Display,Retargeting,South,567.33,16232,317,10,933.62,0.01952932479053721,0.031545741324921134,1.789684542586751,1.6456383410008284
2025-11-10,Meta Ads,Search,Existing Customers,West,915.84,31048,1197,122,14621.11,0.03855320793609894,0.10192147034252297,0.7651127819548873,15.964699074074074
2025-11-10,YouTube Ads,Video,Prospecting,East,944.79,127391,2026,71,9355.38,0.015903792261619736,0.03504442250740375,0.4663326752221125,9.902073476645603
2025-11-10,Meta Ads,Display,Prospecting,South,479.73,31317,545,20,1846.75,0.017402688635565346,0.03669724770642202,0.8802385321100917,3.84956121151481
2025-11-11,Meta Ads,Video,Retargeting,West,949.41,61777,1312,101,9668.01,0.021237677452773687,0.07698170731707317,0.7236356707317073,10.183176920403199
2025-11-11,Google Ads,Search,Prospecting,West,621.87,19137,562,51,5801.2,0.029367194440089877,0.09074733096085409,1.1065302491103204,9.328637818193513
2025-11-11,Meta Ads,Social,Prospecting,South,108.4,8396,172,6,920.4,0.02048594568842306,0.03488372093023256,0.6302325581395349,8.490774907749076
2025-11-12,Meta Ads,Social,Prospecting,East,510.82,31375,642,24,2469.45,0.020462151394422312,0.037383177570093455,0.7956697819314642,4.834286049880584
2025-11-12,Google Ads,Social,Retargeting,South,1411.52,44331,1396,109,13506.73,0.03149037919288985,0.07808022922636103,1.0111174785100285,9.568925697120834
2025-11-12,Google Ads,Search,Prospecting,East,234.61,8775,239,17,2034.6,0.027236467236467235,0.07112970711297072,0.98163179916318,8.67226460935169
2025-11-13,Meta Ads,Search,Prospecting,West,753.2,29519,865,45,4697.49,0.029303160676174667,0.05202312138728324,0.8707514450867052,6.236710037174721
2025-11-13,Meta Ads,Social,Prospecting,East,1961.57,110873,2574,169,19925.17,0.023215751355154097,0.06565656565656566,0.762070707070707,10.157766482970274
2025-11-13,Meta Ads,Search,Prospecting,West,426.96,29160,616,40,4277.56,0.02112482853223594,0.06493506493506493,0.6931168831168831,10.018643432640062
2025-11-13,Google Ads,Social,Existing Customers,East,700.98,13711,550,47,5510.48,0.040113777259135,0.08545454545454545,1.274509090909091,7.861108733487402
2025-11-14,Google Ads,Search,Prospecting,West,299.91,6825,260,9,765.87,0.0380952380952381,0.03461538461538462,1.1535000000000002,2.553666099829949
2025-11-14,Google Ads,Search,Lookalike,South,2015.82,44833,1649,95,10883.21,0.03678094260923873,0.05761067313523347,1.222449969678593,5.398899703346529
2025-11-14,LinkedIn Ads,Social,Lookalike,South,663.09,15470,315,13,1705.39,0.020361990950226245,0.04126984126984127,2.1050476190476193,2.57188315311647
2025-11-15,YouTube Ads,Social,Prospecting,South,721.54,58115,893,46,5337.55,0.01536608448765379,0.051511758118701005,0.8079955207166853,7.397441583280207
2025-11-15,Google Ads,Social,Lookalike,West,1688.13,40798,1611,124,16694.01,0.039487229766165005,0.07697082557417753,1.047877094972067,9.889054752892251
2025-11-15,Meta Ads,Social,Lookalike,East,1076.04,46241,1165,90,11290.13,0.02519409182327372,0.07725321888412018,0.9236394849785408,10.492295825433999
2025-11-16,Google Ads,Display,Retargeting,North,396.2,9850,355,28,3189.99,0.03604060913705584,0.07887323943661972,1.116056338028169,8.051463907117617
2025-11-16,Google Ads,Social,Prospecting,North,459.6,10434,351,22,2281.34,0.03364002300172513,0.06267806267806268,1.3094017094017094,4.963751087902524
2025-11-16,Google Ads,Social,Prospecting,East,965.63,16204,747,76,8074.79,0.04609972846210812,0.10174029451137885,1.2926773761713521,8.362198771786295
2025-11-16,Google Ads,Video,Existing Customers,West,466.57,10525,338,23,2199.11,0.032114014251781474,0.06804733727810651,1.3803846153846153,4.713354909231199
2025-11-17,Meta Ads,Social,Lookalike,South,176.77,11904,281,16,1763.08,0.023605510752688172,0.05693950177935943,0.6290747330960854,9.9738643434972
2025-11-17,YouTube Ads,Video,Existing Customers,East,676.19,60766,982,48,6097.83,0.016160352828884575,0.048879837067209775,0.6885845213849288,9.017923956284475
2025-11-17,Google Ads,Display,Existing Customers,West,267.45,5516,173,22,3466.05,0.031363306744017404,0.12716763005780346,1.5459537572254334,12.959618620302862
2025-11-18,Meta Ads,Search,Prospecting,East,2001.52,152292,2897,222,27641.17,0.019022666981850657,0.07663099758370728,0.6908940283051432,13.810089332107598
2025-11-18,LinkedIn Ads,Social,Lookalike,West,785.24,19243,325,14,1392.06,0.01688925843163748,0.043076923076923075,2.416123076923077,1.7727828434618715
2025-11-18,YouTube Ads,Display,Retargeting,East,388.66,53102,729,44,3920.02,0.01372829648600806,0.06035665294924554,0.5331412894375858,10.085987752791642
2025-11-19,Meta Ads,Video,Lookalike,East,444.51,38590,653,34,3783.59,0.01692148224928738,0.05206738131699847,0.6807197549770291,8.511822006254079
2025-11-19,Google Ads,Social,Prospecting,West,204.99,4369,136,7,907.28,0.0311284046692607,0.051470588235294115,1.507279411764706,4.425971998634079
2025-11-19,Meta Ads,Search,Prospecting,East,342.55,24220,559,23,2553.66,0.023080099091659784,0.04114490161001789,0.6127906976744186,7.454853306086702
2025-11-20,Google Ads,Social,Lookalike,North,1355.18,31167,1370,124,15469.71,0.0439567491256778,0.0905109489051095,0.9891824817518249,11.415243731460027
2025-11-20,YouTube Ads,Search,Lookalike,South,2986.15,240074,3979,162,18101.84,0.016574056332630774,0.040713747172656446,0.7504775069112842,6.06193258878489
2025-11-20,Meta Ads,Display,Retargeting,North,1122.42,102404,1411,80,10232.48,0.013778758642240537,0.05669737774627923,0.7954783841247343,9.11644482457547
2025-11-20,Meta Ads,Social,Prospecting,East,659.35,26405,652,36,3104.98,0.024692293126301838,0.05521472392638037,1.0112730061349693,4.709152953666489
2025-11-21,Google Ads,Display,Prospecting,North,528.64,15606,494,34,4891.76,0.03165449186210432,0.06882591093117409,1.0701214574898785,9.253480629539952
2025-11-21,Meta Ads,Video,Existing Customers,East,375.91,21450,512,15,1538.6,0.02386946386946387,0.029296875,0.73419921875,4.093000984278151
2025-11-21,YouTube Ads,Social,Retargeting,South,2670.25,342002,5117,156,20168.8,0.014961900807597616,0.030486613249951142,0.5218389681453977,7.5531504540773335
2025-11-22,Meta Ads,Social,Retargeting,North,619.18,39529,840,49,5394.93,0.021250221356472462,0.058333333333333334,0.7371190476190476,8.71302367647534
2025-11-22,Meta Ads,Display,Retargeting,North,2769.0,236494,5108,394,44488.55,0.021598856630612194,0.07713390759592796,0.5420908379013313,16.066648609606357
2025-11-22,YouTube Ads,Display,Retargeting,East,1731.72,179122,2676,90,9959.41,0.014939538415158384,0.033632286995515695,0.6471300448430494,5.751166470330077
2025-11-23,YouTube Ads,Video,Retargeting,North,225.78,19365,370,17,2033.22,0.019106635682933127,0.04594594594594595,0.6102162162162162,9.005314908317832
2025-11-23,Google Ads,Search,Retargeting,West,454.05,11412,398,65,8010.3,0.034875569575885036,0.16331658291457288,1.1408291457286432,17.641889659729106
2025-11-23,Meta Ads,Social,Lookalike,West,453.14,25049,670,43,5764.17,0.02674757475348317,0.06417910447761194,0.6763283582089552,12.720505803945802
2025-11-23,Meta Ads,Search,Existing Customers,East,664.6,40874,1065,91,13792.92,0.02605568331946959,0.08544600938967137,0.6240375586854461,20.753716521215768
2025-11-24,Meta Ads,Video,Existing Customers,North,673.09,33539,832,37,4834.07,0.02480694117296282,0.04447115384615385,0.8090024038461539,7.181907322943439
2025-11-24,Google Ads,Social,Retargeting,West,4908.07,202839,5147,318,46379.07,0.02537480464802134,0.061783563240722754,0.9535787837575286,9.44955349047589
2025-11-24,Google Ads,Social,Retargeting,East,347.54,6497,278,26,3033.51,0.04278897952901339,0.09352517985611511,1.2501438848920865,8.728520458076769
2025-11-25,YouTube Ads,Search,Lookalike,South,812.33,72756,1005,44,5913.33,0.013813293748969157,0.04378109452736319,0.8082885572139303,7.279467704011916
2025-11-25,YouTube Ads,Social,Lookalike,North,1045.04,83282,1421,63,7731.17,0.017062510506471985,0.04433497536945813,0.7354257565095004,7.3979656281099295
2025-11-25,LinkedIn Ads,Display,Retargeting,East,699.29,24554,371,16,1681.83,0.015109554451413211,0.0431266846361186,1.8848787061994607,2.405053697321569
2025-11-26,YouTube Ads,Search,Lookalike,West,751.97,116598,1413,38,4493.96,0.012118561210312356,0.02689313517338995,0.5321797593772116,5.976249052488796
2025-11-26,LinkedIn Ads,Search,Lookalike,North,354.94,5372,138,8,992.46,0.025688756515264335,0.057971014492753624,2.5720289855072465,2.796134557953457
2025-11-26,LinkedIn Ads,Video,Lookalike,North,750.17,20856,316,6,686.52,0.015151515151515152,0.0189873417721519,2.3739556962025317,0.9151525654185052
2025-11-26,LinkedIn Ads,Display,Lookalike,South,976.03,23007,509,33,4040.24,0.022123701482157605,0.06483300589390963,1.9175442043222004,4.139462926344477
2025-11-27,Meta Ads,Search,Prospecting,East,866.12,50325,1131,82,10707.28,0.02247391952309985,0.07250221043324491,0.7658001768346596,12.362351637186533
2025-11-27,Meta Ads,Search,Retargeting,South,1014.05,69175,1411,152,17416.05,0.02039754246476328,0.10772501771793054,0.7186746987951806,17.174744835067305
2025-11-27,Google Ads,Video,Retargeting,South,1753.34,32317,1122,103,6387.03,0.034718569174118884,0.09180035650623886,1.5626916221033866,3.6427789247949627
2025-11-28,Meta Ads,Display,Prospecting,South,1287.05,106914,1861,105,15246.93,0.01740651364648222,0.05642127888232133,0.6915905427189682,11.846416223145955
2025-11-28,Google Ads,Social,Existing Customers,North,733.2,15152,529,65,7696.96,0.034912882787750794,0.12287334593572778,1.3860113421550095,10.497763229678123
2025-11-28,Google Ads,Social,Retargeting,North,326.83,12082,348,55,5509.95,0.028803178281741434,0.15804597701149425,0.9391666666666666,16.85876449530337
2025-11-29,Meta Ads,Search,Prospecting,North,473.94,37875,776,57,5401.66,0.020488448844884488,0.07345360824742268,0.6107474226804124,11.397349875511669
2025-11-29,Meta Ads,Search,Lookalike,East,606.87,28899,751,47,5120.37,0.025987058375722343,0.06258322237017311,0.8080825565912118,8.437342429185822
2025-11-29,Google Ads,Display,Lookalike,West,824.77,16458,603,47,4928.92,0.03663871673350346,0.0779436152570481,1.3677777777777778,5.97611455314815
2025-11-30,LinkedIn Ads,Search,Lookalike,South,512.94,18063,249,15,1526.01,0.013785085533964458,0.060240963855421686,2.06,2.9750263188677035
2025-11-30,YouTube Ads,Search,Prospecting,North,381.02,37404,654,14,1438.1,0.01748476098812961,0.021406727828746176,0.5825993883792049,3.7743425541966302
2025-11-30,Google Ads,Display,Existing Customers,South,323.36,10041,351,39,5245.43,0.03495667762175082,0.1111111111111111,0.9212535612535613,16.22164151410193
2025-11-30,Google Ads,Video,Retargeting,West,239.32,6741,214,24,3637.12,0.031746031746031744,0.11214953271028037,1.1183177570093457,15.197726892863113
2025-12-01,Google Ads,Display,Retargeting,North,600.86,11415,457,66,8564.84,0.040035041611914145,0.14442013129102846,1.3147921225382933,14.254302166894119
2025-12-01,LinkedIn Ads,Social,Prospecting,South,269.29,6870,120,4,540.83,0.017467248908296942,0.03333333333333333,2.2440833333333337,2.0083553046901113
2025-12-01,LinkedIn Ads,Social,Retargeting,East,365.31,10827,158,9,973.86,0.014593146762722822,0.056962025316455694,2.3120886075949367,2.6658454463332513
2025-12-02,Google Ads,Social,Lookalike,South,541.88,11575,565,54,6311.73,0.04881209503239741,0.09557522123893805,0.9590796460176991,11.647837159518712
2025-12-02,LinkedIn Ads,Social,Retargeting,South,293.75,7579,136,3,368.03,0.017944319831112283,0.022058823529411766,2.1599264705882355,1.252868085106383
2025-12-02,Google Ads,Social,Retargeting,South,895.98,17048,588,73,7528.34,0.0344908493664946,0.12414965986394558,1.5237755102040818,8.402352731087747
2025-12-03,Meta Ads,Social,Lookalike,South,1132.55,76028,1555,129,13846.45,0.020452991003314568,0.08295819935691319,0.7283279742765273,12.225906141009228
2025-12-03,YouTube Ads,Social,Lookalike,East,489.78,53425,991,39,5084.9,0.018549368273280298,0.039354187689202826,0.4942280524722502,10.382008248601412
2025-12-03,Google Ads,Video,Prospecting,East,526.9,15136,482,33,4442.63,0.0318446088794926,0.06846473029045644,1.0931535269709542,8.431637881951035
2025-12-03,Google Ads,Video,Existing Customers,North,992.68,42071,1115,121,15186.77,0.026502816667062824,0.10852017937219731,0.8902959641255604,15.298756900511748
2025-12-04,Meta Ads,Search,Lookalike,North,440.09,36928,719,53,4954.82,0.01947032062391681,0.0737134909596662,0.6120862308762169,11.258651639437387
2025-12-04,Meta Ads,Social,Existing Customers,South,420.86,16825,470,41,4856.6,0.027934621099554236,0.08723404255319149,0.8954468085106383,11.539704414769759
2025-12-04,YouTube Ads,Search,Existing Customers,West,1523.56,154215,2687,91,8752.43,0.017423726615439485,0.03386676590993673,0.5670115370301452,5.744722885872562
2025-12-05,YouTube Ads,Social,Existing Customers,North,1243.65,110560,1584,58,7288.39,0.014327062228654125,0.036616161616161616,0.7851325757575758,5.86048325493507
2025-12-05,Google Ads,Search,Lookalike,North,1034.93,20395,914,57,6817.04,0.04481490561412111,0.06236323851203501,1.132308533916849,6.586957572009701
2025-12-05,Google Ads,Search,Retargeting,East,1277.61,27894,1117,174,19162.13,0.0400444540044454,0.1557743957027753,1.1437869292748433,14.998418922832478
2025-12-06,LinkedIn Ads,Display,Prospecting,South,193.61,4255,73,3,358.05,0.017156286721504113,0.0410958904109589,2.652191780821918,1.8493362946128815
2025-12-06,Google Ads,Social,Retargeting,North,1687.62,66264,2251,231,28298.48,0.033970179886514545,0.10262105730786317,0.7497201243891604,16.76827721880518
2025-12-06,YouTube Ads,Video,Lookalike,North,903.18,94684,1507,37,4426.07,0.015916099869038063,0.0245520902455209,0.5993231585932316,4.900540313115879
2025-12-07,Meta Ads,Search,Retargeting,East,1350.31,99786,1890,220,20541.94,0.018940532740063735,0.1164021164021164,0.7144497354497354,15.21275855173997
2025-12-07,Google Ads,Search,Existing Customers,East,900.31,17614,617,61,7275.87,0.0350289542409447,0.09886547811993517,1.4591734197730954,8.081516366584843
2025-12-07,LinkedIn Ads,Social,Prospecting,East,722.62,13559,258,12,1468.53,0.019027951913857952,0.046511627906976744,2.8008527131782945,2.0322299410478535
2025-12-07,Google Ads,Search,Prospecting,South,585.3,23612,610,54,7744.51,0.0258343215314247,0.08852459016393442,0.9595081967213114,13.231693148812576
2025-12-08,Meta Ads,Search,Retargeting,East,888.67,47595,1012,57,6276.0,0.02126273768252968,0.05632411067193676,0.8781324110671936,7.062239076372557
2025-12-08,Meta Ads,Video,Retargeting,West,571.6,39746,828,61,7619.82,0.02083228500981231,0.07367149758454106,0.6903381642512078,13.33068579426172
2025-12-08,Meta Ads,Search,Prospecting,South,1230.53,74607,1975,72,9418.08,0.026472046858873832,0.03645569620253165,0.623053164556962,7.65367768359975
2025-12-09,Meta Ads,Search,Prospecting,South,249.61,21287,336,22,2452.14,0.015784281486353174,0.06547619047619048,0.7428869047619048,9.82388526100717
2025-12-09,Meta Ads,Social,Lookalike,North,492.28,34372,706,35,4748.5,0.02053997439776562,0.049575070821529746,0.6972804532577903,9.645933208742992
2025-12-09,YouTube Ads,Social,Retargeting,East,2644.44,259196,3565,248,33886.5,0.013754070278862328,0.06956521739130435,0.7417784011220196,12.814244225620547
2025-12-10,YouTube Ads,Social,Prospecting,North,465.97,42682,761,21,2936.79,0.017829530012651702,0.02759526938239159,0.6123127463863338,6.3025302058072405
2025-12-10,Meta Ads,Social,Prospecting,North,599.4,36925,806,28,3451.05,0.021828029790115097,0.034739454094292806,0.7436724565756824,5.757507507507508
2025-12-10,Google Ads,Display,Retargeting,East,394.41,6142,297,30,4724.47,0.048355584500162814,0.10101010101010101,1.327979797979798,11.978575593925104
2025-12-10,LinkedIn Ads,Search,Prospecting,North,870.77,15040,305,17,1766.72,0.020279255319148936,0.05573770491803279,2.854983606557377,2.028916935585746
2025-12-11,YouTube Ads,Social,Lookalike,West,433.77,47372,660,28,4290.54,0.013932280672126995,0.04242424242424243,0.6572272727272727,9.891278788297946
2025-12-11,Google Ads,Display,Lookalike,South,620.44,11767,430,33,4251.37,0.03654287413954279,0.07674418604651163,1.4428837209302328,6.852185545741731
2025-12-11,Meta Ads,Video,Prospecting,South,1215.42,74170,1531,43,5982.46,0.020641768909262503,0.028086218158066622,0.7938732854343566,4.922133912556976
2025-12-12,Meta Ads,Social,Retargeting,East,444.47,23403,601,42,4588.05,0.025680468316027858,0.06988352745424292,0.7395507487520799,10.322518955160078
2025-12-12,Google Ads,Social,Prospecting,East,1168.74,30286,834,43,5598.62,0.02753747606154659,0.05155875299760192,1.4013669064748202,4.790304088163321
2025-12-12,Meta Ads,Search,Prospecting,South,1194.56,88726,1683,125,17585.69,0.01896850979419787,0.07427213309566251,0.7097801544860368,14.721479038306992
2025-12-13,Meta Ads,Search,Existing Customers,West,1389.64,80400,1920,205,21127.66,0.023880597014925373,0.10677083333333333,0.7237708333333334,15.20369304280245
2025-12-13,LinkedIn Ads,Search,Retargeting,West,766.96,10827,243,22,2465.32,0.022443890274314215,0.09053497942386832,3.1562139917695475,3.214404923333681
2025-12-13,LinkedIn Ads,Display,Existing Customers,North,5755.43,152768,1850,75,6193.05,0.012109865940511102,0.04054054054054054,3.1110432432432433,1.076036021635221
2025-12-13,LinkedIn Ads,Search,Prospecting,East,1389.26,25160,580,18,2012.22,0.023052464228934817,0.03103448275862069,2.3952758620689654,1.4484113844780675
2025-12-14,Meta Ads,Display,Prospecting,South,864.59,60181,1291,68,6821.21,0.021451953274289226,0.052672347017815646,0.6697056545313711,7.889531454215293
2025-12-14,Google Ads,Search,Retargeting,West,396.12,10949,273,54,5998.33,0.024933783907206138,0.1978021978021978,1.450989010989011,15.142709280016156
2025-12-14,LinkedIn Ads,Video,Retargeting,South,657.2,22983,241,17,2849.63,0.010486011399730235,0.07053941908713693,2.7269709543568466,4.336016433353621
2025-12-15,LinkedIn Ads,Display,Existing Customers,South,1769.04,51286,701,30,4727.82,0.013668447529540226,0.042796005706134094,2.5235948644793154,2.672534255867589
2025-12-15,Meta Ads,Search,Prospecting,East,2126.6,141866,3110,142,12650.77,0.02192209549856907,0.04565916398713826,0.6837942122186494,5.948824414558451
2025-12-15,YouTube Ads,Search,Existing Customers,West,1829.86,201847,2992,122,16470.43,0.01482310859215148,0.04077540106951872,0.6115842245989305,9.00092356792323
2025-12-16,Google Ads,Search,Existing Customers,North,1166.14,25953,1018,194,27107.86,0.03922475243709783,0.1905697445972495,1.1455206286836936,23.245802390793557
2025-12-16,YouTube Ads,Video,Retargeting,East,309.48,43643,593,7,762.42,0.01358751689847169,0.011804384485666104,0.5218887015177066,2.463551764249709
2025-12-16,Google Ads,Search,Prospecting,South,960.77,28530,818,50,5910.48,0.028671573781983876,0.061124694376528114,1.1745354523227383,6.151815731132321
2025-12-17,Google Ads,Social,Retargeting,East,312.36,8002,260,35,4198.87,0.032491877030742314,0.1346153846153846,1.2013846153846155,13.442406197976693
2025-12-17,Meta Ads,Social,Prospecting,East,266.19,17756,393,23,2087.5,0.022133363370128407,0.058524173027989825,0.6773282442748092,7.842142830309178
2025-12-17,Google Ads,Display,Lookalike,West,817.73,16856,615,33,3182.39,0.03648552444233508,0.05365853658536585,1.3296422764227642,3.89173688136671
2025-12-17,Google Ads,Social,Retargeting,West,983.54,22921,696,113,13345.45,0.030365167313817023,0.16235632183908047,1.413132183908046,13.568792321613763
2025-12-18,Google Ads,Social,Existing Customers,East,1259.25,22786,938,99,12487.11,0.04116562801720355,0.10554371002132196,1.3424840085287846,9.91630732578916
2025-12-18,Meta Ads,Video,Retargeting,East,967.02,71371,1404,81,8281.92,0.01967185551554553,0.057692307692307696,0.6887606837606838,8.564373022274617
2025-12-18,LinkedIn Ads,Search,Retargeting,West,988.92,23714,365,23,2316.13,0.015391751707851902,0.06301369863013699,2.7093698630136984,2.3420802491607007
2025-12-19,Google Ads,Display,Lookalike,North,369.1,9986,317,22,2494.45,0.03174444221910675,0.0694006309148265,1.1643533123028391,6.758195610945542
2025-12-19,Meta Ads,Search,Retargeting,East,653.83,41467,1107,92,12047.47,0.02669592688161671,0.08310749774164408,0.5906323396567299,18.42599758346971
2025-12-19,LinkedIn Ads,Social,Existing Customers,West,262.82,5576,98,6,736.28,0.01757532281205165,0.061224489795918366,2.6818367346938774,2.801461076021612
2025-12-20,Google Ads,Video,Prospecting,North,190.35,5245,162,12,1730.51,0.03088655862726406,0.07407407407407407,1.175,9.091200420278435
2025-12-20,Google Ads,Display,Existing Customers,West,1132.86,15744,651,52,5755.01,0.04134908536585366,0.07987711213517665,1.740184331797235,5.0800716769945105
2025-12-20,YouTube Ads,Display,Lookalike,East,429.04,26564,586,16,1895.62,0.022059930733323296,0.027303754266211604,0.7321501706484642,4.418282677605817
2025-12-20,LinkedIn Ads,Search,Existing Customers,South,1234.23,24555,459,38,4457.87,0.018692730604764812,0.08278867102396514,2.688954248366013,3.6118632669761714
2025-12-21,Meta Ads,Social,Retargeting,South,1438.72,69892,1920,223,28005.08,0.02747095518800435,0.11614583333333334,0.7493333333333333,19.4652746886121
2025-12-21,LinkedIn Ads,Social,Lookalike,South,468.03,8760,190,4,403.73,0.021689497716894976,0.021052631578947368,2.463315789473684,0.8626156442963059
2025-12-21,Google Ads,Social,Prospecting,West,1027.4,33424,1049,77,11526.37,0.031384633796074674,0.07340324118207817,0.9794089609151574,11.218970216079423
2025-12-22,Meta Ads,Social,Lookalike,West,455.47,37818,836,47,3974.74,0.02210587550901687,0.056220095693779906,0.5448205741626795,8.726677937075987
2025-12-22,LinkedIn Ads,Social,Prospecting,West,210.87,7068,101,3,437.64,0.014289756649688738,0.0297029702970297,2.0878217821782177,2.075401906387822
2025-12-22,Google Ads,Social,Prospecting,East,758.42,19714,665,47,5481.13,0.033732372932941054,0.07067669172932331,1.1404812030075187,7.2270377890878414
2025-12-23,LinkedIn Ads,Search,Retargeting,North,515.44,18717,301,17,2124.04,0.016081637014478817,0.05647840531561462,1.7124252491694354,4.120828806456619
2025-12-23,Meta Ads,Social,Prospecting,West,525.85,38952,797,39,5421.84,0.020461080303963854,0.04893350062735257,0.6597867001254706,10.310620899496055
2025-12-23,LinkedIn Ads,Search,Prospecting,North,2527.67,69688,1096,37,4826.2,0.01572724141889565,0.03375912408759124,2.3062682481751824,1.9093473436010238
2025-12-24,Meta Ads,Video,Lookalike,North,259.63,17854,373,18,1833.47,0.020891676935140584,0.04825737265415549,0.696058981233244,7.061857258406194
2025-12-24,Meta Ads,Social,Prospecting,North,897.8,57245,1386,77,9686.72,0.024211721547733427,0.05555555555555555,0.6477633477633478,10.789396302071731
2025-12-24,Google Ads,Search,Lookalike,West,366.67,9838,337,25,3715.36,0.03425492986379346,0.07418397626112759,1.0880415430267063,10.132707884473778
2025-12-24,Google Ads,Display,Prospecting,South,1263.26,33330,834,75,7427.16,0.025022502250225023,0.08992805755395683,1.5147002398081535,5.8793597517534
2025-12-25,LinkedIn Ads,Display,Lookalike,North,849.85,20270,319,13,1990.71,0.01573754316724223,0.04075235109717868,2.6641065830721002,2.3424251338471493
2025-12-25,Google Ads,Search,Lookalike,North,895.74,32000,852,114,13901.46,0.026625,0.13380281690140844,1.0513380281690141,15.519525755241474
2025-12-25,Google Ads,Search,Retargeting,South,378.76,9105,333,50,5360.1,0.03657331136738056,0.15015015015015015,1.1374174174174174,14.151705565529625
2025-12-26,Google Ads,Search,Lookalike,East,425.58,9708,372,34,3363.31,0.038318912237330034,0.0913978494623656,1.1440322580645161,7.902885473941445
2025-12-26,Google Ads,Search,Existing Customers,West,1278.95,34321,1258,219,26249.19,0.036653943649660556,0.1740858505564388,1.0166534181240063,20.524015794206182
2025-12-26,LinkedIn Ads,Display,Lookalike,East,2212.99,66768,1043,44,3511.42,0.015621255691349149,0.04218600191754554,2.1217545541706615,1.5867310742479634
2025-12-27,Meta Ads,Video,Prospecting,East,956.5,49131,1130,43,4623.6,0.022999735401274146,0.03805309734513274,0.8464601769911504,4.833873497124935
2025-12-27,YouTube Ads,Search,Retargeting,West,390.63,52239,720,54,5954.43,0.013782805949577901,0.075,0.5425416666666667,15.243145687735199
2025-12-27,Google Ads,Display,Lookalike,West,872.52,31701,904,51,4878.69,0.02851645058515504,0.05641592920353982,0.9651769911504424,5.591493604731124
2025-12-27,Meta Ads,Search,Prospecting,South,3391.19,188639,4743,330,42392.2,0.025143263058010273,0.06957621758380772,0.7149884039637361,12.500685600040104
2025-12-28,Meta Ads,Social,Lookalike,West,748.19,40016,1020,79,8773.91,0.025489804078368653,0.07745098039215687,0.7335196078431373,11.726847458533259
2025-12-28,Meta Ads,Display,Prospecting,East,1810.35,132119,3448,196,20296.92,0.0260976846630689,0.0568445475638051,0.5250435034802784,11.211599966857237
2025-12-28,YouTube Ads,Social,Lookalike,West,432.62,55861,751,29,3165.18,0.01344408442383774,0.03861517976031957,0.5760585885486019,7.3163053025750076
2025-12-29,YouTube Ads,Search,Prospecting,North,681.11,55102,1022,55,6676.56,0.018547421146237888,0.053816046966731895,0.6664481409001957,9.80246949831892
2025-12-29,YouTube Ads,Social,Prospecting,North,1047.12,122406,1680,49,5699.58,0.01372481741091123,0.029166666666666667,0.6232857142857142,5.443101077240431
2025-12-29,Google Ads,Video,Existing Customers,West,906.28,14021,552,34,3759.48,0.03936951715284216,0.06159420289855073,1.6418115942028986,4.14825440261288
2025-12-30,Google Ads,Search,Existing Customers,East,425.36,9491,303,55,6965.35,0.0319249815614793,0.18151815181518152,1.4038283828382838,16.3751880759827
2025-12-30,Meta Ads,Search,Existing Customers,North,413.6,21580,456,32,3942.88,0.0211306765523633,0.07017543859649122,0.9070175438596492,9.533075435203095
2025-12-30,Google Ads,Search,Existing Customers,West,1330.71,32647,739,61,6224.98,0.02263607682176004,0.08254397834912043,1.8006901217861977,4.677938844676901
2025-12-31,LinkedIn Ads,Social,Retargeting,North,1518.67,32849,560,37,4062.86,0.017047703126426984,0.06607142857142857,2.7119107142857146,2.6752750762180066
